Rk,Player,Pos,Age,Tm,G,GS,MP,FG,FGA,FG%,3P,3PA,3P%,2P,2PA,2P%,eFG%,FT,FTA,FT%,ORB,DRB,TRB,AST,STL,BLK,TOV,PF,PTS,Player-additional
1,Precious Achiuwa,C-PF,24,TOT,50,11,1093,169,339,.499,20,75,.267,149,264,.564,.528,44,71,.620,132,191,323,68,31,38,53,93,402,achiupr01
1,Precious Achiuwa,C,24,TOR,25,0,437,78,170,.459,13,47,.277,65,123,.528,.497,24,42,.571,50,86,136,44,16,12,29,40,193,achiupr01
1,Precious Achiuwa,PF,24,NYK,25,11,656,91,169,.538,7,28,.250,84,141,.596,.559,20,29,.690,82,105,187,24,15,26,24,53,209,achiupr01
2,Bam Adebayo,C,26,MIA,46,46,1592,355,693,.512,1,11,.091,354,682,.519,.513,223,286,.780,104,382,486,189,49,46,112,113,934,adebaba01
3,Ochai Agbaji,SG,23,TOT,56,10,1076,117,275,.425,52,157,.331,65,118,.551,.520,17,23,.739,39,95,134,51,30,31,41,73,303,agbajoc01
3,Ochai Agbaji,SG,23,UTA,51,10,1003,106,249,.426,47,142,.331,59,107,.551,.520,15,20,.750,35,91,126,47,27,29,34,66,274,agbajoc01
3,Ochai Agbaji,SG,23,TOR,5,0,73,11,26,.423,5,15,.333,6,11,.545,.519,2,3,.667,4,4,8,4,3,2,7,7,29,agbajoc01
4,Santi Aldama,PF,23,MEM,45,19,1115,176,411,.428,75,220,.341,101,191,.529,.519,37,62,.597,51,199,250,98,29,31,48,66,464,aldamsa01
5,Nickeil Alexander-Walker,SG,25,MIN,57,16,1304,144,339,.425,83,221,.376,61,118,.517,.547,29,38,.763,23,90,113,143,47,29,55,107,400,alexani01
6,Grayson Allen,SG,28,PHO,52,52,1723,225,443,.508,134,276,.486,91,167,.545,.659,93,105,.886,35,171,206,164,44,34,69,113,677,allengr01
7,Jarrett Allen,C,25,CLE,51,51,1580,335,521,.643,0,5,.000,335,516,.649,.643,141,194,.727,173,367,540,139,39,58,89,114,811,allenja01
8,Jose Alvarado,PG,25,NOP,39,0,654,98,237,.414,49,137,.358,49,100,.490,.517,27,40,.675,16,69,85,76,43,14,29,57,272,alvarjo01
9,Kyle Anderson,PF,30,MIN,57,3,1261,139,292,.476,7,34,.206,132,258,.512,.488,70,100,.700,45,158,203,232,46,30,71,85,355,anderky01
10,Giannis Antetokounmpo,PF,29,MIL,56,56,1965,645,1047,.616,26,97,.268,619,950,.652,.628,409,624,.655,141,490,631,360,74,59,197,165,1725,antetgi01
11,Thanasis Antetokounmpo,PF,31,MIL,24,0,110,12,22,.545,0,1,.000,12,21,.571,.545,0,0,,5,4,9,12,3,4,10,20,24,antetth01
12,Cole Anthony,PG,23,ORL,57,0,1311,236,542,.435,61,184,.332,175,358,.489,.492,149,179,.832,48,178,226,180,46,26,99,141,682,anthoco01
13,OG Anunoby,SF,26,TOT,41,41,1400,238,478,.498,86,227,.379,152,251,.606,.588,65,84,.774,39,132,171,93,53,28,62,96,627,anunoog01
13,OG Anunoby,SF,26,TOR,27,27,900,157,321,.489,61,163,.374,96,158,.608,.584,33,46,.717,24,82,106,72,28,13,43,62,408,anunoog01
13,OG Anunoby,SF,26,NYK,14,14,500,81,157,.516,25,64,.391,56,93,.602,.596,32,38,.842,15,50,65,21,25,15,19,34,219,anunoog01
14,Ryan Arcidiacono,PG,29,NYK,20,0,45,0,6,.000,0,6,.000,0,0,,.000,0,0,,0,8,8,4,2,0,2,5,0,arcidry01
15,Deni Avdija,SF,23,WAS,55,55,1548,277,540,.513,63,156,.404,214,384,.557,.571,131,177,.740,56,302,358,206,44,24,111,138,748,avdijde01
16,Deandre Ayton,C,25,POR,39,39,1245,259,456,.568,0,0,,259,456,.568,.568,42,51,.824,118,295,413,67,40,30,67,88,560,aytonde01
17,Udoka Azubuike,C,24,PHO,14,0,107,16,22,.727,0,0,,16,22,.727,.727,3,11,.273,11,21,32,3,1,6,4,17,35,azubuud01
18,Ibou Badji,C,21,POR,17,1,199,12,19,.632,0,0,,12,19,.632,.632,5,10,.500,19,29,48,13,2,20,14,40,29,badjiib01
19,Marvin Bagley III,C,24,TOT,40,18,814,181,319,.567,3,15,.200,178,304,.586,.572,84,113,.743,107,132,239,47,15,24,49,70,449,baglema01
19,Marvin Bagley III,C,24,DET,26,10,478,107,181,.591,1,6,.167,106,175,.606,.594,50,61,.820,46,72,118,27,5,14,29,40,265,baglema01
19,Marvin Bagley III,C,24,WAS,14,8,336,74,138,.536,2,9,.222,72,129,.558,.543,34,52,.654,61,60,121,20,10,10,20,30,184,baglema01
20,Amari Bailey,PG,19,CHO,3,0,15,2,7,.286,0,3,.000,2,4,.500,.286,1,2,.500,2,0,2,1,0,0,1,0,5,baileam01
21,Patrick Baldwin Jr.,SF,21,WAS,20,0,152,18,47,.383,11,27,.407,7,20,.350,.500,8,12,.667,7,36,43,8,2,4,6,22,55,baldwpa01
22,LaMelo Ball,PG,22,CHO,22,22,711,183,423,.433,70,197,.355,113,226,.500,.515,90,104,.865,29,84,113,176,40,4,83,79,526,ballla01
23,Mo Bamba,C,25,PHI,35,0,370,52,110,.473,12,29,.414,40,81,.494,.527,17,29,.586,46,81,127,25,12,34,24,51,133,bambamo01
24,Paolo Banchero,PF,21,ORL,57,57,1986,460,1009,.456,87,239,.364,373,770,.484,.499,285,407,.700,63,325,388,296,58,31,169,114,1292,banchpa01
25,Desmond Bane,SG,25,MEM,37,37,1277,330,696,.474,123,320,.384,207,376,.551,.563,121,140,.864,34,135,169,196,38,20,99,106,904,banede01
26,Dalano Banton,PG,24,TOT,29,1,268,37,92,.402,6,28,.214,31,64,.484,.435,29,41,.707,17,35,52,28,8,3,17,24,109,bantoda01
26,Dalano Banton,PG,24,BOS,24,1,171,19,51,.373,2,16,.125,17,35,.486,.392,16,20,.800,12,23,35,19,5,3,10,20,56,bantoda01
26,Dalano Banton,PG,24,POR,5,0,97,18,41,.439,4,12,.333,14,29,.483,.488,13,21,.619,5,12,17,9,3,0,7,4,53,bantoda01
27,Dominick Barlow,PF,20,SAS,23,1,307,40,84,.476,3,7,.429,37,77,.481,.494,22,34,.647,33,51,84,26,9,12,5,33,105,barlodo01
28,Harrison Barnes,PF,31,SAC,56,56,1665,238,489,.487,108,270,.400,130,219,.594,.597,103,127,.811,45,120,165,64,40,9,39,71,687,barneha02
29,Scottie Barnes,SG,22,TOR,57,57,2002,426,895,.476,99,283,.350,327,612,.534,.531,190,243,.782,133,332,465,341,71,82,156,114,1141,barnesc01
30,RJ Barrett,SG,23,TOT,46,46,1435,320,676,.473,71,205,.346,249,471,.529,.526,165,223,.740,42,205,247,137,25,17,89,99,876,barrerj01
30,RJ Barrett,SG,23,NYK,26,26,766,164,388,.423,43,130,.331,121,258,.469,.478,103,124,.831,19,92,111,63,12,9,47,45,474,barrerj01
30,RJ Barrett,SG,23,TOR,20,20,669,156,288,.542,28,75,.373,128,213,.601,.590,62,99,.626,23,113,136,74,13,8,42,54,402,barrerj01
31,Charles Bassey,C,23,SAS,19,0,205,29,40,.725,0,1,.000,29,39,.744,.725,5,6,.833,23,53,76,21,8,17,15,31,63,bassech01
32,Emoni Bates,SF,20,CLE,10,0,76,6,25,.240,5,20,.250,1,5,.200,.340,1,2,.500,1,9,10,6,1,2,1,5,18,batesem01
33,Keita Bates-Diop,SF,28,TOT,42,8,617,68,155,.439,21,65,.323,47,90,.522,.506,26,36,.722,30,73,103,34,23,21,14,33,183,bateske01
33,Keita Bates-Diop,SF,28,PHO,39,8,597,64,150,.427,20,64,.313,44,86,.512,.493,26,36,.722,30,71,101,34,22,20,13,33,174,bateske01
33,Keita Bates-Diop,SF,28,BRK,3,0,20,4,5,.800,1,1,1.000,3,4,.750,.900,0,0,,0,2,2,0,1,1,1,0,9,bateske01
34,Nicolas Batum,PF,35,TOT,37,29,882,72,140,.514,46,102,.451,26,38,.684,.679,9,14,.643,42,93,135,79,24,25,22,73,199,batumni01
34,Nicolas Batum,PF,35,LAC,3,0,54,3,8,.375,2,7,.286,1,1,1.000,.500,0,0,,0,7,7,5,3,4,1,5,8,batumni01
34,Nicolas Batum,PF,35,PHI,34,29,828,69,132,.523,44,95,.463,25,37,.676,.689,9,14,.643,42,86,128,74,21,21,21,68,191,batumni01
35,Darius Bazley,PF,23,PHI,2,0,6,0,1,.000,0,0,,0,1,.000,.000,0,0,,0,0,0,1,0,0,1,0,0,bazleda01
36,Bradley Beal,SG,30,PHO,30,30,979,214,432,.495,49,135,.363,165,297,.556,.552,69,89,.775,25,103,128,135,27,8,73,78,546,bealbr01
37,Malik Beasley,SG,27,MIL,56,56,1658,234,495,.473,166,367,.452,68,128,.531,.640,16,25,.640,36,180,216,77,46,6,39,117,650,beaslma01
38,MarJon Beauchamp,SF,23,MIL,41,1,571,71,149,.477,27,69,.391,44,80,.550,.567,19,28,.679,22,70,92,29,12,6,27,51,188,beaucma01
39,Jules Bernard,SG,24,WAS,6,0,28,3,12,.250,1,8,.125,2,4,.500,.292,0,0,,2,3,5,5,1,1,2,4,7,bernaju01
40,Dāvis Bertāns,PF,31,TOT,19,0,134,18,44,.409,18,42,.429,0,2,.000,.614,14,15,.933,2,11,13,11,5,3,1,15,68,bertada01
40,Dāvis Bertāns,PF,31,OKC,15,0,91,10,26,.385,10,24,.417,0,2,.000,.577,14,15,.933,2,8,10,9,3,3,1,10,44,bertada01
40,Dāvis Bertāns,PF,31,CHO,4,0,43,8,18,.444,8,18,.444,0,0,,.667,0,0,,0,3,3,2,2,0,0,5,24,bertada01
41,Patrick Beverley,PG,35,TOT,53,5,1011,112,266,.421,40,124,.323,72,142,.507,.496,52,65,.800,34,122,156,159,28,19,54,93,316,beverpa01
41,Patrick Beverley,PG,35,PHI,47,5,919,104,241,.432,35,109,.321,69,132,.523,.504,51,63,.810,30,115,145,144,24,18,49,83,294,beverpa01
41,Patrick Beverley,PG,35,MIL,6,0,92,8,25,.320,5,15,.333,3,10,.300,.420,1,2,.500,4,7,11,15,4,1,5,10,22,beverpa01
42,Saddiq Bey,SF,24,ATL,56,44,1826,258,611,.422,102,316,.323,156,295,.529,.506,143,172,.831,148,217,365,81,48,8,47,82,761,beysa01
43,Goga Bitadze,C,24,ORL,48,32,863,114,189,.603,2,12,.167,112,177,.633,.608,47,71,.662,101,160,261,72,27,69,34,98,277,bitadgo01
44,Onuralp Bitim,SG,24,CHI,2,0,6,0,2,.000,0,1,.000,0,1,.000,.000,0,0,,0,0,0,0,0,0,0,0,0,bitimon01
45,Bismack Biyombo,C,31,TOT,31,27,726,67,119,.563,0,0,,67,119,.563,.563,22,46,.478,57,135,192,51,10,35,39,83,156,biyombi01
45,Bismack Biyombo,C,31,MEM,30,27,718,67,119,.563,0,0,,67,119,.563,.563,22,46,.478,57,134,191,51,10,34,38,82,156,biyombi01
45,Bismack Biyombo,C,31,OKC,1,0,8,0,0,,0,0,,0,0,,,0,0,,0,1,1,0,0,1,1,1,0,biyombi01
46,Anthony Black,PG,20,ORL,53,31,980,95,203,.468,27,73,.370,68,130,.523,.534,44,67,.657,29,91,120,82,28,18,48,100,261,blackan01
47,Leaky Black,SF,24,CHO,22,3,218,17,39,.436,7,15,.467,10,24,.417,.526,9,14,.643,8,30,38,18,5,6,5,15,50,blackle01
48,Bogdan Bogdanović,SG,31,ATL,55,9,1599,330,769,.429,171,459,.373,159,310,.513,.540,96,105,.914,32,150,182,155,69,14,64,130,927,bogdabo01
49,Bojan Bogdanović,PF-SF,34,TOT,32,27,1019,219,468,.468,96,228,.421,123,240,.513,.571,87,114,.763,13,90,103,72,27,5,65,66,621,bogdabo02
49,Bojan Bogdanović,PF,34,DET,28,27,921,199,425,.468,86,207,.415,113,218,.518,.569,81,104,.779,13,81,94,71,23,4,63,57,565,bogdabo02
49,Bojan Bogdanović,SF,34,NYK,4,0,98,20,43,.465,10,21,.476,10,22,.455,.581,6,10,.600,0,9,9,1,4,1,2,9,56,bogdabo02
50,Bol Bol,PF,24,PHO,20,0,208,47,72,.653,7,19,.368,40,53,.755,.701,6,8,.750,19,47,66,10,5,14,10,22,107,bolbo01
51,Marques Bolden,C,25,MIL,2,0,3,0,0,,0,0,,0,0,,,0,0,,0,2,2,0,0,0,0,1,0,boldema01
52,Devin Booker,PG,27,PHO,48,48,1711,460,927,.496,102,275,.371,358,652,.549,.551,296,338,.876,34,186,220,334,45,19,123,142,1318,bookede01
53,Brandon Boston Jr.,SF,22,LAC,18,0,124,24,60,.400,6,20,.300,18,40,.450,.450,11,12,.917,7,8,15,5,2,2,7,16,65,bostobr01
54,Chris Boucher,PF,31,TOR,47,0,645,100,204,.490,29,90,.322,71,114,.623,.561,64,85,.753,56,132,188,19,14,21,22,63,293,bouchch01
55,James Bouknight,SG,23,CHO,14,0,81,18,41,.439,13,30,.433,5,11,.455,.598,1,2,.500,1,8,9,6,1,1,2,3,50,bouknja01
56,Jamaree Bouyea,PG,24,POR,6,0,57,5,21,.238,0,8,.000,5,13,.385,.238,0,0,,2,8,10,8,0,0,8,3,10,bouyeja01
57,Malaki Branham,PG,20,SAS,53,21,1075,176,415,.424,54,168,.321,122,247,.494,.489,32,34,.941,19,86,105,116,19,5,57,63,438,branhma01
58,Christian Braun,SG,22,DEN,58,0,1109,147,335,.439,38,106,.358,109,229,.476,.496,73,102,.716,51,155,206,81,25,22,39,88,405,braunch01
59,Mikal Bridges,SF,27,BRK,56,56,1972,426,948,.449,143,393,.364,283,555,.510,.525,211,255,.827,46,226,272,208,52,23,121,86,1206,bridgmi01
60,Miles Bridges,SF,25,CHO,46,44,1714,378,815,.464,114,302,.377,264,513,.515,.534,119,141,.844,45,297,342,154,49,25,92,85,989,bridgmi02
61,Oshae Brissett,SF,25,BOS,37,0,401,46,100,.460,12,41,.293,34,59,.576,.520,35,52,.673,36,66,102,29,14,2,11,37,139,brissos01
62,Malcolm Brogdon,PG,31,POR,39,25,1121,218,496,.440,82,199,.412,136,297,.458,.522,95,116,.819,28,120,148,214,27,8,60,58,613,brogdma01
63,Armoni Brooks,PG,25,BRK,10,0,104,15,46,.326,11,32,.344,4,14,.286,.446,1,2,.500,7,11,18,5,1,1,3,3,42,brookar01
64,Dillon Brooks,SF,28,HOU,48,48,1501,235,531,.443,97,241,.402,138,290,.476,.534,95,113,.841,37,129,166,79,43,6,65,172,662,brookdi01
65,Bruce Brown,SG-PG,27,TOT,49,38,1402,209,444,.471,42,133,.316,167,311,.537,.518,90,105,.857,40,180,220,137,48,16,56,114,550,brownbr01
65,Bruce Brown,SG,27,IND,33,33,981,149,314,.475,33,101,.327,116,213,.545,.527,67,82,.817,25,129,154,100,35,8,41,81,398,brownbr01
65,Bruce Brown,PG,27,TOR,16,5,421,60,130,.462,9,32,.281,51,98,.520,.496,23,23,1.000,15,51,66,37,13,8,15,33,152,brownbr01
66,Charlie Brown Jr.,SG,26,NYK,6,0,33,2,9,.222,2,6,.333,0,3,.000,.333,0,0,,1,1,2,0,0,2,2,5,6,brownch02
67,Greg Brown III,PF,22,DAL,6,0,40,5,11,.455,1,3,.333,4,8,.500,.500,4,9,.444,3,6,9,4,0,4,4,5,15,browngr01
68,Jaylen Brown,SF,27,BOS,52,52,1738,446,901,.495,103,298,.346,343,603,.569,.552,155,218,.711,55,231,286,195,56,29,126,137,1150,brownja02
69,Kendall Brown,SG,20,IND,5,0,20,3,6,.500,0,1,.000,3,5,.600,.500,4,6,.667,2,0,2,2,0,0,0,4,10,brownke03
70,Kobe Brown,PF,24,LAC,32,0,279,23,62,.371,12,39,.308,11,23,.478,.468,1,2,.500,10,34,44,17,6,3,7,40,59,brownko01
71,Moses Brown,C,24,POR,9,4,82,9,21,.429,0,0,,9,21,.429,.429,0,4,.000,18,28,46,2,2,3,4,11,18,brownmo01
72,Troy Brown Jr.,SF,24,TOT,42,3,484,61,142,.430,36,99,.364,25,43,.581,.556,21,24,.875,16,72,88,41,9,2,21,31,179,browntr01
72,Troy Brown Jr.,SF,24,MIN,37,3,410,52,118,.441,31,84,.369,21,34,.618,.572,19,22,.864,14,58,72,35,8,2,18,26,154,browntr01
72,Troy Brown Jr.,SF,24,DET,5,0,74,9,24,.375,5,15,.333,4,9,.444,.479,2,2,1.000,2,14,16,6,1,0,3,5,25,browntr01
73,Jalen Brunson,PG,27,NYK,54,54,1942,528,1102,.479,143,351,.407,385,751,.513,.544,290,344,.843,31,173,204,357,51,11,134,107,1489,brunsja01
74,Thomas Bryant,C,26,MIA,25,3,259,44,77,.571,0,4,.000,44,73,.603,.571,18,22,.818,25,52,77,15,6,5,15,26,106,bryanth01
75,Kobe Bufkin,SG,20,ATL,6,0,35,4,14,.286,2,9,.222,2,5,.400,.357,1,2,.500,2,5,7,4,1,1,2,2,11,bufkiko01
76,Reggie Bullock,SF,32,HOU,23,0,216,21,50,.420,16,39,.410,5,11,.455,.580,1,1,1.000,3,30,33,10,4,2,5,12,59,bullore01
77,Alec Burks,SG,32,TOT,48,1,1002,178,460,.387,109,276,.395,69,184,.375,.505,129,145,.890,18,102,120,72,21,11,39,70,594,burksal01
77,Alec Burks,SG,32,DET,43,0,901,160,406,.394,99,247,.401,61,159,.384,.516,121,134,.903,16,94,110,68,21,11,32,64,540,burksal01
77,Alec Burks,SG,32,NYK,5,1,101,18,54,.333,10,29,.345,8,25,.320,.426,8,11,.727,2,8,10,4,0,0,7,6,54,burksal01
78,Jared Butler,SG,23,WAS,20,0,152,31,57,.544,10,27,.370,21,30,.700,.632,12,15,.800,0,12,12,34,8,2,11,17,84,butleja02
79,Jimmy Butler,PF,34,MIA,38,38,1281,255,508,.502,38,85,.447,217,423,.513,.539,267,310,.861,77,134,211,176,52,12,66,40,815,butleji01
80,Jamal Cain,PF,24,MIA,16,1,225,29,69,.420,8,26,.308,21,43,.488,.478,18,23,.783,13,19,32,4,10,4,5,17,84,cainja01
81,Kentavious Caldwell-Pope,SG,30,DEN,53,53,1679,181,413,.438,75,200,.375,106,213,.498,.529,87,95,.916,23,102,125,124,68,23,51,98,524,caldwke01
82,Toumani Camara,PF,23,POR,55,35,1296,142,330,.430,40,134,.299,102,196,.520,.491,55,76,.724,101,160,261,56,54,25,65,135,379,camarto01
83,Clint Capela,C,29,ATL,49,49,1245,230,407,.565,0,0,,230,407,.565,.565,88,135,.652,232,278,510,47,27,73,42,117,548,capelca01
84,Jevon Carter,PG,28,CHI,54,0,742,106,284,.373,62,185,.335,44,99,.444,.482,3,5,.600,6,37,43,65,29,12,30,56,277,carteje01
85,Wendell Carter Jr.,C,24,ORL,32,26,839,136,250,.544,39,93,.419,97,157,.618,.622,61,85,.718,58,152,210,50,15,15,39,76,372,cartewe01
86,D.J. Carton,SG,23,TOR,1,0,4,1,1,1.000,0,0,,1,1,1.000,1.000,1,1,1.000,0,1,1,0,0,0,0,2,3,cartodj01
87,Alex Caruso,SG,29,CHI,49,36,1335,171,356,.480,85,215,.395,86,141,.610,.600,57,73,.781,47,138,185,140,68,56,68,124,484,carusal01
88,Colin Castleton,C,23,LAL,7,0,36,7,10,.700,0,0,,7,10,.700,.700,4,4,1.000,4,5,9,3,0,0,1,7,18,castlco01
89,Malcolm Cazalon,SG,22,DET,1,0,3,0,0,,0,0,,0,0,,,0,0,,0,0,0,0,0,0,0,0,0,cazalma01
90,Julian Champagnie,SF,22,SAS,51,36,856,97,245,.396,63,175,.360,34,70,.486,.524,39,49,.796,31,101,132,63,31,27,32,55,296,champju02
91,Justin Champagnie,SF,22,WAS,2,0,10,5,7,.714,1,3,.333,4,4,1.000,.786,0,0,,0,0,0,0,1,0,1,0,11,champju01
92,Max Christie,SG,20,LAL,46,7,787,83,196,.423,34,97,.351,49,99,.495,.510,32,41,.780,12,106,118,50,17,16,31,53,232,chrisma02
93,Sidy Cissoko,SF,19,SAS,5,0,32,1,6,.167,0,4,.000,1,2,.500,.167,4,4,1.000,0,6,6,0,3,0,1,2,6,cissosi01
94,Jordan Clarkson,SG,31,UTA,48,19,1454,295,710,.415,82,273,.300,213,437,.487,.473,159,181,.878,45,119,164,237,26,6,131,69,831,clarkjo01
95,Nic Claxton,C,24,BRK,46,46,1356,244,393,.621,1,4,.250,243,389,.625,.622,65,114,.570,133,332,465,89,30,101,54,115,554,claxtni01
96,Noah Clowney,PF,19,BRK,7,0,69,11,18,.611,1,4,.250,10,14,.714,.639,6,6,1.000,6,7,13,6,0,1,3,5,29,clownno01
97,Amir Coffey,SF,26,LAC,44,8,809,95,178,.534,37,87,.425,58,91,.637,.638,42,47,.894,17,58,75,37,22,6,18,58,269,coffeam01
98,John Collins,PF,26,UTA,54,52,1505,305,585,.521,64,187,.342,241,398,.606,.576,101,128,.789,124,330,454,63,32,46,75,149,775,collijo01
99,Zach Collins,C,26,SAS,46,24,1094,203,427,.475,40,140,.286,163,287,.568,.522,81,108,.750,80,171,251,140,24,32,92,146,527,colliza01
100,Mike Conley,PG,36,MIN,52,52,1503,186,417,.446,120,270,.444,66,147,.449,.590,60,65,.923,21,128,149,327,54,12,57,86,552,conlemi01
101,Pat Connaughton,SF,31,MIL,52,2,1108,99,213,.465,58,149,.389,41,64,.641,.601,20,29,.690,35,139,174,99,26,13,33,64,276,connapa01
102,Bilal Coulibaly,SF,19,WAS,56,8,1494,165,373,.442,55,154,.357,110,219,.502,.516,75,110,.682,49,175,224,97,48,42,80,119,460,coulibi01
103,Ricky Council IV,SG,22,PHI,17,0,156,30,63,.476,4,16,.250,26,47,.553,.508,36,48,.750,11,22,33,6,2,0,2,8,100,councri01
104,Robert Covington,SF-PF,33,TOT,29,6,488,43,98,.439,19,56,.339,24,42,.571,.536,22,26,.846,31,66,97,24,39,18,11,56,127,covinro01
104,Robert Covington,PF,33,LAC,3,3,69,3,9,.333,2,8,.250,1,1,1.000,.444,1,2,.500,2,6,8,7,6,2,0,7,9,covinro01
104,Robert Covington,SF,33,PHI,26,3,419,40,89,.449,17,48,.354,23,41,.561,.545,21,24,.875,29,60,89,17,33,16,11,49,118,covinro01
105,Torrey Craig,SF,33,CHI,33,8,694,71,167,.425,37,99,.374,34,68,.500,.536,21,27,.778,55,101,156,36,20,15,19,75,200,craigto01
106,Jae Crowder,PF,33,MIL,27,11,678,63,150,.420,34,98,.347,29,52,.558,.533,16,24,.667,12,85,97,43,22,6,15,45,176,crowdja01
107,Cade Cunningham,PG,22,DET,46,46,1557,385,850,.453,83,240,.346,302,610,.495,.502,168,196,.857,19,172,191,340,43,16,163,127,1021,cunnica01
108,Seth Curry,SG,33,TOT,41,3,557,72,183,.393,34,99,.343,38,84,.452,.486,22,25,.880,17,43,60,37,20,5,18,34,200,curryse01
108,Seth Curry,SG,33,DAL,36,3,457,54,145,.372,29,80,.363,25,65,.385,.472,17,19,.895,15,37,52,30,17,3,16,32,154,curryse01
108,Seth Curry,SG,33,CHO,5,0,100,18,38,.474,5,19,.263,13,19,.684,.539,5,6,.833,2,6,8,7,3,2,2,2,46,curryse01
109,Stephen Curry,PG,35,GSW,53,53,1769,480,1046,.459,262,633,.414,218,413,.528,.584,246,267,.921,24,199,223,269,44,20,160,95,1468,curryst01
110,Dyson Daniels,PG,20,NOP,52,15,1139,112,256,.438,32,110,.291,80,146,.548,.500,32,50,.640,51,140,191,136,72,21,52,84,288,daniedy01
111,Anthony Davis,C,30,LAL,55,55,1962,525,942,.557,19,70,.271,506,872,.580,.567,302,373,.810,168,506,674,201,62,133,114,131,1371,davisan02
112,Johnny Davis,SG,21,WAS,26,0,234,27,74,.365,2,12,.167,25,62,.403,.378,4,9,.444,11,22,33,9,9,2,7,23,60,davisjo06
113,JD Davison,SG,21,BOS,2,0,6,0,1,.000,0,1,.000,0,0,,.000,2,2,1.000,1,1,2,0,0,0,0,0,2,davisjd01
114,Dexter Dennis,SG,24,DAL,4,0,30,10,19,.526,1,8,.125,9,11,.818,.553,1,3,.333,1,8,9,4,0,1,3,1,22,dennide01
115,DeMar DeRozan,SF,34,CHI,55,55,2072,428,910,.470,52,154,.338,376,756,.497,.499,337,395,.853,33,193,226,290,62,33,84,119,1245,derozde01
116,Moussa Diabaté,C,22,LAC,10,0,58,9,18,.500,0,0,,9,18,.500,.500,9,12,.750,14,6,20,4,4,0,2,4,27,diabamo01
117,Mamadi Diakite,PF,27,SAS,3,0,16,4,5,.800,0,0,,4,5,.800,.800,4,6,.667,1,2,3,2,0,1,0,1,12,diakima01
118,Hamidou Diallo,SG,25,WAS,2,0,5,1,2,.500,0,0,,1,2,.500,.500,0,0,,2,0,2,1,2,0,1,1,2,diallha01
119,Gradey Dick,SG,20,TOR,36,1,558,75,178,.421,38,106,.358,37,72,.514,.528,23,25,.920,15,47,62,40,18,0,22,48,211,dickgr01
120,Ousmane Dieng,PF,20,OKC,29,0,326,43,101,.426,20,64,.313,23,37,.622,.525,14,16,.875,10,39,49,31,5,3,16,19,120,diengou01
121,Spencer Dinwiddie,PG,30,TOT,53,48,1599,204,528,.386,93,295,.315,111,233,.476,.474,127,162,.784,26,135,161,305,42,10,67,98,628,dinwisp01
121,Spencer Dinwiddie,PG,30,BRK,48,48,1474,195,499,.391,89,278,.320,106,221,.480,.480,125,160,.781,26,132,158,288,38,9,62,86,604,dinwisp01
121,Spencer Dinwiddie,PG,30,LAL,5,0,125,9,29,.310,4,17,.235,5,12,.417,.379,2,2,1.000,0,3,3,17,4,1,5,12,24,dinwisp01
122,Donte DiVincenzo,SG,27,NYK,56,38,1414,271,597,.454,172,414,.415,99,183,.541,.598,51,70,.729,42,142,184,136,65,21,65,110,765,divindo01
123,Luka Dončić,PG,24,DAL,49,49,1832,566,1150,.492,191,502,.380,375,648,.579,.575,357,458,.779,36,394,430,465,72,31,192,101,1680,doncilu01
124,Luguentz Dort,SF,24,OKC,55,55,1566,202,452,.447,108,267,.404,94,185,.508,.566,85,104,.817,59,149,208,74,49,39,49,166,597,dortlu01
125,Ayo Dosunmu,SG,24,CHI,55,16,1429,223,443,.503,78,187,.417,145,256,.566,.591,48,62,.774,36,108,144,138,45,25,61,114,572,dosunay01
126,Andre Drummond,C,30,CHI,57,9,951,188,340,.553,0,3,.000,188,337,.558,.553,86,151,.570,190,301,491,29,60,36,60,98,462,drumman01
127,Chris Duarte,SF,26,SAC,39,11,508,50,135,.370,26,77,.338,24,58,.414,.467,21,27,.778,16,56,72,33,20,2,20,63,147,duartch01
128,Kris Dunn,PG,29,UTA,50,27,909,113,232,.487,33,81,.407,80,151,.530,.558,17,25,.680,37,107,144,203,54,22,64,94,276,dunnkr01
129,Kevin Durant,PF,35,PHO,51,51,1892,517,976,.530,113,267,.423,404,709,.570,.588,279,323,.864,27,313,340,288,47,67,165,95,1426,duranke01
130,Jalen Duren,C,20,DET,41,40,1235,251,395,.635,0,3,.000,251,392,.640,.635,74,100,.740,135,356,491,103,18,35,80,135,576,durenja01
131,Tari Eason,PF,22,HOU,22,0,480,88,189,.466,18,50,.360,70,139,.504,.513,21,33,.636,46,107,153,27,31,19,20,51,215,easonta01
132,Anthony Edwards,SG,22,MIN,54,54,1894,494,1055,.468,139,362,.384,355,693,.512,.534,295,354,.833,30,259,289,281,66,27,173,104,1422,edwaran01
133,Kessler Edwards,SF,23,SAC,38,0,179,21,51,.412,12,33,.364,9,18,.500,.529,3,4,.750,5,23,28,9,4,4,1,17,57,edwarke02
134,Keon Ellis,SG,24,SAC,33,3,379,38,90,.422,27,73,.370,11,17,.647,.572,11,17,.647,9,32,41,38,14,13,17,46,114,elliske01
135,Joel Embiid,C,29,PHI,34,34,1157,402,754,.533,41,112,.366,361,642,.562,.560,356,403,.883,89,295,384,193,39,60,126,98,1201,embiijo01
136,Drew Eubanks,C,26,PHO,52,4,826,116,186,.624,3,3,1.000,113,183,.617,.632,53,72,.736,69,149,218,48,21,45,49,84,288,eubandr01
137,Tosan Evbuomwan,SF,22,TOT,5,0,82,6,17,.353,3,9,.333,3,8,.375,.441,0,0,,8,8,16,6,1,1,1,6,15,evbuoto01
137,Tosan Evbuomwan,SF,22,MEM,4,0,74,4,15,.267,2,8,.250,2,7,.286,.333,0,0,,8,6,14,6,0,1,1,5,10,evbuoto01
137,Tosan Evbuomwan,SF,22,DET,1,0,8,2,2,1.000,1,1,1.000,1,1,1.000,1.250,0,0,,0,2,2,0,1,0,0,1,5,evbuoto01
138,Dante Exum,PG,28,DAL,32,14,631,116,203,.571,31,65,.477,85,138,.616,.648,32,44,.727,18,71,89,91,18,5,27,51,295,exumda01
139,Bruno Fernando,C,25,ATL,20,1,191,34,64,.531,0,3,.000,34,61,.557,.531,23,38,.605,20,41,61,11,6,10,9,28,91,fernabr01
140,Dorian Finney-Smith,PF,30,BRK,47,36,1310,148,362,.409,91,244,.373,57,118,.483,.535,19,28,.679,77,142,219,64,34,28,38,110,406,finnedo01
141,Adam Flagler,SG,24,OKC,1,0,6,0,3,.000,0,3,.000,0,0,,.000,0,0,,0,0,0,1,0,0,0,0,0,flaglad01
142,Malachi Flynn,PG,25,TOT,49,0,572,70,175,.400,34,98,.347,36,77,.468,.497,27,35,.771,13,62,75,85,22,6,39,48,201,flynnma01
142,Malachi Flynn,PG,25,TOR,31,0,474,56,137,.409,28,80,.350,28,57,.491,.511,17,22,.773,13,52,65,73,18,6,33,42,157,flynnma01
142,Malachi Flynn,PG,25,NYK,14,0,60,9,23,.391,4,13,.308,5,10,.500,.478,9,11,.818,0,6,6,6,1,0,3,3,31,flynnma01
142,Malachi Flynn,PG,25,DET,4,0,38,5,15,.333,2,5,.400,3,10,.300,.400,1,2,.500,0,4,4,6,3,0,3,3,13,flynnma01
143,Simone Fontecchio,SF,28,TOT,55,38,1303,192,423,.454,103,264,.390,89,159,.560,.576,35,45,.778,56,138,194,84,34,18,53,89,522,fontesi01
143,Simone Fontecchio,SF,28,UTA,50,34,1160,161,358,.450,91,233,.391,70,125,.560,.577,32,40,.800,52,124,176,73,30,18,51,81,445,fontesi01
143,Simone Fontecchio,SF,28,DET,5,4,143,31,65,.477,12,31,.387,19,34,.559,.569,3,5,.600,4,14,18,11,4,0,2,8,77,fontesi01
144,Jordan Ford,PG,25,SAC,6,0,22,4,7,.571,2,3,.667,2,4,.500,.714,2,2,1.000,0,2,2,2,0,0,1,0,12,fordjo01
145,Trent Forrest,SG,25,ATL,20,0,210,15,47,.319,2,7,.286,13,40,.325,.340,8,10,.800,5,21,26,42,7,1,11,18,40,forretr01
146,Evan Fournier,SG,31,TOT,7,0,125,20,52,.385,11,34,.324,9,18,.500,.490,7,9,.778,2,17,19,6,8,1,7,10,58,fournev01
146,Evan Fournier,SG,31,NYK,3,0,39,4,20,.200,2,15,.133,2,5,.400,.250,2,2,1.000,0,4,4,3,4,0,1,4,12,fournev01
146,Evan Fournier,SG,31,DET,4,0,86,16,32,.500,9,19,.474,7,13,.538,.641,5,7,.714,2,13,15,3,4,1,6,6,46,fournev01
147,De'Aaron Fox,PG,26,SAC,50,50,1779,485,1033,.470,143,385,.371,342,648,.528,.539,232,327,.709,45,163,208,280,95,20,129,130,1345,foxde01
148,Javon Freeman-Liberty,PG,24,TOR,2,0,4,1,3,.333,0,0,,1,3,.333,.333,0,0,,1,0,1,0,0,0,0,0,2,freemja01
149,Alex Fudge,SF,20,LAL,4,0,14,1,6,.167,0,2,.000,1,4,.250,.167,2,2,1.000,2,0,2,0,0,0,1,1,4,fudgeal01
150,Markelle Fultz,PG,25,ORL,22,15,516,84,174,.483,1,8,.125,83,166,.500,.486,10,18,.556,32,46,78,78,28,8,25,35,179,fultzma01
151,Daniel Gafford,C-PF,25,TOT,50,47,1293,226,332,.681,0,0,,226,332,.681,.681,95,134,.709,149,258,407,74,46,106,51,159,547,gaffoda01
151,Daniel Gafford,C,25,WAS,45,45,1192,203,294,.690,0,0,,203,294,.690,.690,84,119,.706,131,230,361,69,44,97,46,147,490,gaffoda01
151,Daniel Gafford,PF,25,DAL,5,2,101,23,38,.605,0,0,,23,38,.605,.605,11,15,.733,18,28,46,5,2,9,5,12,57,gaffoda01
152,Danilo Gallinari,PF-SF,35,TOT,34,0,489,69,156,.442,27,77,.351,42,79,.532,.529,68,80,.850,15,76,91,46,9,5,14,37,233,gallida01
152,Danilo Gallinari,PF,35,WAS,26,0,385,57,131,.435,20,64,.313,37,67,.552,.511,47,56,.839,12,64,76,31,6,3,12,26,181,gallida01
152,Danilo Gallinari,SF,35,DET,6,0,90,12,22,.545,7,12,.583,5,10,.500,.705,21,24,.875,2,12,14,12,2,2,1,9,52,gallida01
152,Danilo Gallinari,SF,35,MIL,2,0,14,0,3,.000,0,1,.000,0,2,.000,.000,0,0,,1,0,1,3,1,0,1,2,0,gallida01
153,Darius Garland,PG,24,CLE,32,32,1031,212,452,.469,56,165,.339,156,287,.544,.531,103,120,.858,14,61,75,198,45,4,104,43,583,garlada01
154,Usman Garuba,PF,21,GSW,3,0,8,0,1,.000,0,0,,0,1,.000,.000,0,0,,1,0,1,1,1,0,0,2,0,garubus01
155,Luka Garza,C,25,MIN,14,0,40,11,25,.440,3,9,.333,8,16,.500,.500,8,12,.667,6,5,11,2,0,0,2,11,33,garzalu01
156,Kaiser Gates,SF,27,NOP,1,0,7,0,4,.000,0,2,.000,0,2,.000,.000,0,0,,0,1,1,0,0,0,0,0,0,gateska01
157,Keyonte George,PG,20,UTA,52,21,1308,196,503,.390,97,282,.344,99,221,.448,.486,117,143,.818,14,133,147,226,26,5,107,60,606,georgke01
158,Paul George,PF,33,LAC,52,52,1758,405,889,.456,169,428,.395,236,461,.512,.551,172,190,.905,28,250,278,190,83,20,106,150,1151,georgpa01
159,Taj Gibson,PF,38,NYK,16,1,165,7,23,.304,0,6,.000,7,17,.412,.304,2,2,1.000,10,18,28,9,2,6,5,28,16,gibsota01
160,Josh Giddey,SG,21,OKC,56,56,1388,256,573,.447,53,162,.327,203,411,.494,.493,68,82,.829,77,268,345,249,38,31,111,71,633,giddejo01
161,Harry Giles,C,25,BRK,16,0,81,22,44,.500,3,11,.273,19,33,.576,.534,7,13,.538,12,14,26,6,1,3,6,15,54,gilesha01
162,Shai Gilgeous-Alexander,PG,25,OKC,56,56,1932,615,1122,.548,71,187,.380,544,935,.582,.580,445,504,.883,48,261,309,370,120,51,121,140,1746,gilgesh01
163,Anthony Gill,PF,31,WAS,31,0,173,23,50,.460,3,13,.231,20,37,.541,.490,15,20,.750,14,25,39,14,7,6,15,12,64,gillan01
164,Collin Gillespie,PG,24,DEN,19,0,161,23,45,.511,11,24,.458,12,21,.571,.633,5,8,.625,1,11,12,16,10,0,10,18,62,gilleco01
165,Jacob Gilyard,PG,25,MEM,37,14,654,60,144,.417,51,120,.425,9,24,.375,.594,2,2,1.000,8,35,43,131,27,5,29,35,173,gilyaja01
166,Rudy Gobert,C,31,MIN,55,55,1840,286,441,.649,0,2,.000,286,439,.651,.649,182,283,.643,199,497,696,67,33,113,83,167,754,goberru01
167,Jordan Goodwin,PG,25,TOT,42,1,611,84,213,.394,25,85,.294,59,128,.461,.453,26,33,.788,43,84,127,84,26,10,31,45,219,goodwjo01
167,Jordan Goodwin,PG,25,PHO,40,0,558,75,193,.389,23,80,.288,52,113,.460,.448,25,29,.862,40,77,117,78,23,9,29,43,198,goodwjo01
167,Jordan Goodwin,PG,25,MEM,2,1,53,9,20,.450,2,5,.400,7,15,.467,.500,1,4,.250,3,7,10,6,3,1,2,2,21,goodwjo01
168,Aaron Gordon,PF,28,DEN,52,52,1637,284,515,.551,29,98,.296,255,417,.612,.580,122,191,.639,125,212,337,163,43,36,76,99,719,gordoaa01
169,Eric Gordon,SG,35,PHO,49,24,1460,223,488,.457,121,311,.389,102,177,.576,.581,44,54,.815,14,89,103,109,47,25,62,62,611,gordoer01
170,Devonte' Graham,PG,28,SAS,12,0,99,11,30,.367,7,22,.318,4,8,.500,.483,6,8,.750,2,14,16,19,3,1,3,4,35,grahade01
171,Jerami Grant,PF,29,POR,49,49,1666,360,795,.453,102,255,.400,258,540,.478,.517,237,293,.809,36,142,178,134,37,33,103,108,1059,grantje01
172,A.J. Green,SG,24,MIL,37,0,339,53,122,.434,45,107,.421,8,15,.533,.619,8,8,1.000,6,32,38,21,3,2,4,34,159,greenaj01
173,Danny Green,SG,36,PHI,2,0,18,0,2,.000,0,1,.000,0,1,.000,.000,0,0,,0,2,2,1,1,0,0,1,0,greenda02
174,Draymond Green,PF,33,GSW,32,29,850,115,227,.507,36,81,.444,79,146,.541,.586,35,46,.761,40,178,218,189,26,29,78,98,301,greendr01
175,Jalen Green,SG,21,HOU,57,57,1729,348,855,.407,114,371,.307,234,484,.483,.474,197,246,.801,24,251,275,192,39,20,124,71,1007,greenja05
176,Jeff Green,PF,37,HOU,55,5,921,110,232,.474,25,83,.301,85,149,.570,.528,97,117,.829,33,88,121,47,9,23,39,79,342,greenje02
177,Josh Green,SG,23,DAL,44,27,1206,152,306,.497,66,156,.423,86,150,.573,.605,33,50,.660,29,116,145,113,36,7,49,90,403,greenjo02
178,AJ Griffin,SF,20,ATL,18,0,132,13,45,.289,9,33,.273,4,12,.333,.389,2,2,1.000,2,12,14,4,1,1,6,6,37,griffaj01
179,Quentin Grimes,SG,23,TOT,46,18,936,115,294,.391,78,217,.359,37,77,.481,.524,24,34,.706,14,76,90,56,32,4,22,67,332,grimequ01
179,Quentin Grimes,SG,23,NYK,45,18,910,113,286,.395,77,212,.363,36,74,.486,.530,24,34,.706,14,74,88,52,30,3,21,66,327,grimequ01
179,Quentin Grimes,SG,23,DET,1,0,26,2,8,.250,1,5,.200,1,3,.333,.313,0,0,,0,2,2,4,2,1,1,1,5,grimequ01
180,Mouhamadou Gueye,PF,25,TOR,1,0,6,1,3,.333,0,0,,1,3,.333,.333,0,0,,2,1,3,0,0,2,0,1,2,gueyemo01
181,Mouhamed Gueye,PF,21,ATL,2,0,4,0,1,.000,0,1,.000,0,0,,.000,0,0,,0,0,0,0,1,0,0,1,0,gueyemo02
182,Rui Hachimura,PF,25,LAL,45,16,1108,207,401,.516,58,140,.414,149,261,.571,.589,69,95,.726,35,136,171,47,31,15,32,63,541,hachiru01
183,Ashton Hagans,PG,24,POR,6,1,73,7,17,.412,0,4,.000,7,13,.538,.412,2,4,.500,3,5,8,8,1,1,4,10,16,haganas01
184,Tyrese Haliburton,PG,23,IND,45,44,1441,353,714,.494,141,355,.397,212,359,.591,.593,134,157,.854,26,147,173,525,50,30,108,45,981,halibty01
185,R.J. Hampton,PG,22,MIA,8,2,76,4,14,.286,1,8,.125,3,6,.500,.321,1,2,.500,2,4,6,8,0,0,3,8,10,hamptrj01
186,Tim Hardaway Jr.,SF,31,DAL,54,10,1600,316,766,.413,168,464,.362,148,302,.490,.522,122,140,.871,17,177,194,91,29,4,56,83,922,hardati02
187,James Harden,PG,34,LAC,51,51,1765,257,579,.444,142,343,.414,115,236,.487,.566,228,259,.880,23,240,263,421,58,45,132,100,884,hardeja01
188,Jaden Hardy,SG,21,DAL,52,6,792,155,379,.409,70,189,.370,85,190,.447,.501,38,53,.717,15,86,101,85,17,4,39,57,418,hardyja02
189,Ron Harper Jr.,PF,23,TOR,1,0,4,0,0,,0,0,,0,0,,,0,0,,0,0,0,1,0,0,0,2,0,harpero02
190,Gary Harris,SG,29,ORL,35,8,797,85,193,.440,47,131,.359,38,62,.613,.562,27,35,.771,18,39,57,61,31,10,19,63,244,harriga01
191,Joe Harris,SG,32,DET,16,0,170,14,39,.359,10,30,.333,4,9,.444,.487,1,2,.500,3,10,13,10,3,2,4,19,39,harrijo01
192,Kevon Harris,SG,26,ORL,2,0,6,2,3,.667,0,0,,2,3,.667,.667,0,0,,0,2,2,1,0,0,1,3,4,harrike01
193,Tobias Harris,PF,31,PHI,51,51,1722,336,673,.499,58,170,.341,278,503,.553,.542,151,168,.899,54,256,310,168,53,29,71,86,881,harrito02
194,Shaquille Harrison,SG,30,MEM,3,0,6,1,2,.500,0,0,,1,2,.500,.500,0,0,,0,2,2,0,0,1,0,0,2,harrish01
195,Josh Hart,SF,28,NYK,56,17,1699,176,408,.431,53,170,.312,123,238,.517,.496,51,61,.836,73,329,402,183,43,15,75,106,456,hartjo01
196,Isaiah Hartenstein,C,25,NYK,52,26,1315,144,232,.621,1,3,.333,143,229,.624,.623,74,103,.718,177,266,443,105,59,56,61,149,363,harteis01
197,Sam Hauser,SF,26,BOS,56,6,1187,156,346,.451,125,298,.419,31,48,.646,.632,15,17,.882,35,150,185,53,22,14,26,71,452,hausesa01
198,Jordan Hawkins,SG,21,NOP,51,10,1024,160,409,.391,100,269,.372,60,140,.429,.513,64,75,.853,27,107,134,63,17,5,37,66,484,hawkijo01
199,Jaxson Hayes,C,23,LAL,48,3,539,76,110,.691,0,7,.000,76,103,.738,.691,28,47,.596,39,75,114,22,24,19,22,81,180,hayesja02
200,Killian Hayes,PG,22,DET,42,31,1008,117,283,.413,22,74,.297,95,209,.455,.452,33,50,.660,11,108,119,205,36,20,51,75,289,hayeski01
201,Gordon Hayward,SF,33,TOT,28,25,838,142,309,.460,22,61,.361,120,248,.484,.495,64,83,.771,28,103,131,119,28,12,52,46,370,haywago01
201,Gordon Hayward,SF,33,CHO,25,25,798,139,297,.468,22,61,.361,117,236,.496,.505,62,81,.765,25,92,117,116,28,12,51,46,362,haywago01
201,Gordon Hayward,SF,33,OKC,3,0,40,3,12,.250,0,0,,3,12,.250,.250,2,2,1.000,3,11,14,3,0,0,1,0,8,haywago01
202,Scoot Henderson,PG,19,POR,43,16,1160,190,506,.375,52,168,.310,138,338,.408,.427,121,148,.818,38,89,127,202,24,10,127,129,553,hendesc01
203,Taylor Hendricks,PF,20,UTA,19,2,302,38,92,.413,17,56,.304,21,36,.583,.505,7,9,.778,21,40,61,9,11,10,15,27,100,hendrita01
204,Tyler Herro,SG,24,MIA,36,36,1209,283,648,.437,117,293,.399,166,355,.468,.527,66,79,.835,18,173,191,158,29,3,77,51,749,herroty01
205,Buddy Hield,SF-SG,31,TOT,59,35,1584,277,619,.447,165,421,.392,112,198,.566,.581,31,37,.838,38,154,192,180,51,32,79,126,750,hieldbu01
205,Buddy Hield,SF,31,IND,52,28,1336,229,517,.443,137,357,.384,92,160,.575,.575,28,33,.848,34,133,167,139,43,31,62,103,623,hieldbu01
205,Buddy Hield,SG,31,PHI,7,7,248,48,102,.471,28,64,.438,20,38,.526,.608,3,4,.750,4,21,25,41,8,1,17,23,127,hieldbu01
206,Haywood Highsmith,PF,27,MIA,41,24,867,87,204,.426,45,121,.372,42,83,.506,.537,21,26,.808,35,82,117,43,39,21,25,81,240,highsha01
207,Nate Hinton,SG,24,HOU,11,0,58,10,20,.500,7,11,.636,3,9,.333,.675,4,5,.800,3,9,12,6,2,2,2,10,31,hintona01
208,D'Moi Hodge,SG,25,LAL,7,0,41,5,15,.333,3,12,.250,2,3,.667,.433,1,2,.500,0,0,0,5,1,1,1,4,14,hodgedm01
209,Aaron Holiday,PG,27,HOU,54,1,942,137,299,.458,66,161,.410,71,138,.514,.569,40,45,.889,15,81,96,101,30,4,44,86,380,holidaa01
210,Jrue Holiday,PG,33,BOS,52,52,1729,257,541,.475,107,243,.440,150,298,.503,.574,56,68,.824,67,230,297,251,44,37,96,88,677,holidjr01
211,Justin Holiday,SG,34,DEN,35,9,498,48,108,.444,30,76,.395,18,32,.563,.583,3,4,.750,6,36,42,34,22,3,8,46,129,holidju01
212,Richaun Holmes,C-PF,30,TOT,27,2,279,43,75,.573,0,0,,43,75,.573,.573,15,24,.625,35,54,89,16,4,10,14,39,101,holmeri01
212,Richaun Holmes,C,30,DAL,23,2,237,33,59,.559,0,0,,33,59,.559,.559,12,21,.571,33,45,78,15,3,9,12,33,78,holmeri01
212,Richaun Holmes,PF,30,WAS,4,0,42,10,16,.625,0,0,,10,16,.625,.625,3,3,1.000,2,9,11,1,1,1,2,6,23,holmeri01
213,Chet Holmgren,C,21,OKC,57,57,1713,368,677,.544,100,248,.403,268,429,.625,.617,138,179,.771,90,347,437,154,39,151,96,146,974,holmgch01
214,Jalen Hood-Schifino,SG,20,LAL,19,0,103,10,41,.244,2,13,.154,8,28,.286,.268,11,18,.611,2,10,12,8,3,2,9,13,33,hoodsja01
215,Al Horford,C,37,BOS,47,22,1273,139,285,.488,74,181,.409,65,104,.625,.618,17,20,.850,61,253,314,129,25,48,34,70,369,horfoal01
216,Talen Horton-Tucker,PG,23,UTA,36,11,726,136,331,.411,41,124,.331,95,207,.459,.473,61,78,.782,17,71,88,141,35,11,54,69,374,hortota01
217,Danuel House Jr.,SF,30,PHI,34,4,509,47,105,.448,15,50,.300,32,55,.582,.519,35,46,.761,16,42,58,28,15,5,19,45,144,houseda01
218,Caleb Houstan,SF,21,ORL,41,8,617,64,163,.393,57,152,.375,7,11,.636,.567,17,22,.773,22,43,65,24,10,1,14,46,202,houstca01
219,Jett Howard,SF,20,ORL,13,0,49,8,22,.364,5,17,.294,3,5,.600,.477,2,4,.500,1,4,5,3,0,1,2,3,23,howarje01
220,Kevin Huerter,SG,25,SAC,54,49,1354,225,491,.458,114,302,.377,111,189,.587,.574,34,43,.791,32,164,196,142,36,21,42,114,598,huertke01
221,Jay Huff,C,25,DEN,11,0,30,5,10,.500,2,7,.286,3,3,1.000,.600,2,2,1.000,1,6,7,1,1,0,1,7,14,huffja01
222,De'Andre Hunter,SF,26,ATL,33,24,935,167,352,.474,65,155,.419,102,197,.518,.567,103,114,.904,21,110,131,45,26,11,47,94,502,huntede01
223,Matthew Hurt,PF,23,MEM,3,0,56,6,18,.333,2,10,.200,4,8,.500,.389,3,3,1.000,4,2,6,3,0,1,0,2,17,hurtma01
224,Bones Hyland,PG,23,LAC,19,2,251,44,120,.367,20,64,.313,24,56,.429,.450,10,12,.833,3,14,17,33,10,1,23,27,118,hylanbo01
225,Joe Ingles,SF,36,ORL,44,0,765,71,169,.420,49,116,.422,22,53,.415,.565,18,21,.857,16,85,101,133,28,4,39,64,209,inglejo01
226,Brandon Ingram,SF,26,NOP,52,52,1739,417,852,.489,74,205,.361,343,647,.530,.533,207,261,.793,37,220,257,304,44,31,137,118,1115,ingrabr01
227,Kyrie Irving,SG,31,DAL,35,35,1187,339,688,.493,104,247,.421,235,441,.533,.568,116,131,.885,26,156,182,186,44,16,56,66,898,irvinky01
228,Jonathan Isaac,PF,26,ORL,40,1,590,91,190,.479,20,67,.299,71,123,.577,.532,44,62,.710,51,118,169,18,29,46,21,44,246,isaacjo01
229,Jaden Ivey,SG,21,DET,52,36,1449,278,620,.448,81,225,.360,197,395,.499,.514,148,203,.729,66,123,189,192,36,30,126,147,785,iveyja01
230,Andre Jackson Jr.,SG,22,MIL,46,8,498,46,87,.529,15,40,.375,31,47,.660,.615,8,11,.727,36,57,93,43,14,4,21,82,115,jacksan01
231,GG Jackson II,PF,19,MEM,24,1,471,95,209,.455,43,107,.402,52,102,.510,.557,38,58,.655,24,59,83,19,12,16,22,30,271,jacksgg01
232,Isaiah Jackson,C,22,IND,45,3,613,125,189,.661,0,4,.000,125,185,.676,.661,60,84,.714,65,117,182,39,27,50,33,116,310,jacksis01
233,Jaren Jackson Jr.,C,24,MEM,52,52,1656,404,900,.449,96,296,.324,308,604,.510,.502,260,317,.820,60,220,280,114,55,79,123,184,1164,jacksja02
234,Justin Jackson,SF,28,MIN,1,0,0,0,0,,0,0,,0,0,,,0,0,,0,0,0,0,0,0,0,0,0,jacksju01
235,Reggie Jackson,PG,33,DEN,58,16,1332,248,547,.453,73,202,.361,175,345,.507,.520,52,67,.776,23,95,118,229,33,9,77,106,621,jacksre01
236,Trayce Jackson-Davis,PF,23,GSW,43,3,556,119,174,.684,0,0,,119,174,.684,.684,44,75,.587,72,102,174,41,13,36,28,68,282,jackstr02
237,LeBron James,PF,39,LAL,51,51,1782,481,918,.524,109,272,.401,372,646,.576,.583,203,276,.736,45,320,365,401,65,30,164,60,1274,jamesle01
238,Jaime Jaquez Jr.,SF,22,MIA,50,16,1471,246,504,.488,45,143,.315,201,361,.557,.533,101,123,.821,63,133,196,128,53,11,83,117,638,jaqueja01
239,DaQuan Jeffries,SG,26,NYK,12,0,31,5,13,.385,1,6,.167,4,7,.571,.423,0,2,.000,0,5,5,2,0,0,1,2,11,jeffrda01
240,Trey Jemison,C,24,TOT,9,3,141,17,36,.472,0,0,,17,36,.472,.472,6,7,.857,15,16,31,7,4,10,9,23,40,jemistr01
240,Trey Jemison,C,24,WAS,2,0,1,0,0,,0,0,,0,0,,,0,0,,0,1,1,0,0,0,1,0,0,jemistr01
240,Trey Jemison,C,24,MEM,7,3,140,17,36,.472,0,0,,17,36,.472,.472,6,7,.857,15,15,30,7,4,10,8,23,40,jemistr01
241,Ty Jerome,SG,26,CLE,2,0,15,2,4,.500,0,1,.000,2,3,.667,.500,0,0,,1,0,1,3,0,0,1,2,4,jeromty01
242,Isaiah Joe,SG,24,OKC,53,0,985,155,330,.470,103,242,.426,52,88,.591,.626,33,39,.846,20,104,124,62,34,14,32,65,446,joeis01
243,Cameron Johnson,PF,27,BRK,43,40,1199,210,471,.446,102,263,.388,108,208,.519,.554,55,73,.753,47,154,201,109,34,12,40,80,577,johnsca02
244,Jalen Johnson,SF,22,ATL,43,40,1470,272,522,.521,50,145,.345,222,377,.589,.569,82,113,.726,59,315,374,147,53,40,73,112,676,johnsja05
245,James Johnson,PF,36,IND,5,0,24,2,5,.400,0,1,.000,2,4,.500,.400,0,0,,1,3,4,5,4,0,2,4,4,johnsja01
246,Keldon Johnson,SF,24,SAS,54,26,1591,311,689,.451,90,271,.332,221,418,.529,.517,140,179,.782,72,225,297,161,45,18,82,121,852,johnske04
247,Keon Johnson,SG,21,BRK,3,0,47,6,16,.375,4,8,.500,2,8,.250,.500,8,8,1.000,2,2,4,3,3,1,3,3,24,johnske07
248,Keyontae Johnson,SF,23,OKC,8,0,64,4,14,.286,1,3,.333,3,11,.273,.321,0,0,,3,6,9,4,0,0,4,5,9,johnske08
249,Nikola Jokić,C,28,DEN,56,56,1896,576,988,.583,59,168,.351,517,820,.630,.613,253,311,.814,164,523,687,519,68,51,163,144,1464,jokicni01
250,Colby Jones,SG,21,SAC,17,0,121,17,46,.370,1,13,.077,16,33,.485,.380,2,5,.400,10,15,25,10,4,1,5,16,37,jonesco02
251,Damian Jones,C,28,CLE,25,0,150,17,32,.531,2,7,.286,15,25,.600,.563,10,11,.909,9,24,33,12,3,10,9,16,46,jonesda03
252,Derrick Jones Jr.,SF,26,DAL,52,47,1298,176,363,.485,62,181,.343,114,182,.626,.570,68,92,.739,59,129,188,52,40,37,48,90,482,jonesde02
253,Herbert Jones,SF,25,NOP,53,53,1547,215,423,.508,80,189,.423,135,234,.577,.603,91,107,.850,61,137,198,134,68,43,65,154,601,joneshe01
254,Tre Jones,PG,24,SAS,53,24,1387,202,402,.502,37,122,.303,165,280,.589,.549,73,83,.880,36,132,168,310,52,6,75,66,514,jonestr01
255,Tyus Jones,PG,27,WAS,57,57,1654,291,586,.497,92,214,.430,199,372,.535,.575,28,36,.778,17,138,155,399,63,16,54,45,702,jonesty01
256,DeAndre Jordan,C,35,DEN,29,1,327,48,76,.632,0,0,,48,76,.632,.632,22,49,.449,48,84,132,20,5,13,19,48,118,jordade01
257,Cory Joseph,PG,32,GSW,26,0,296,23,64,.359,13,42,.310,10,22,.455,.461,4,7,.571,6,24,30,42,4,3,12,25,63,josepco01
258,Nikola Jović,PF,20,MIA,23,15,385,47,110,.427,26,56,.464,21,54,.389,.545,14,24,.583,17,78,95,44,7,8,22,43,134,jovicni01
259,Johnny Juzang,SG,22,UTA,3,0,9,0,4,.000,0,4,.000,0,0,,.000,0,0,,0,0,0,1,0,0,0,1,0,juzanjo01
260,Luke Kennard,SG,27,MEM,28,12,693,99,224,.442,76,171,.444,23,53,.434,.612,26,31,.839,9,72,81,83,13,1,30,31,300,kennalu01
261,Walker Kessler,C,22,UTA,50,17,1159,185,285,.649,4,19,.211,181,266,.680,.656,44,79,.557,126,241,367,44,25,136,52,109,418,kesslwa01
262,Braxton Key,SF,26,DEN,17,0,55,6,16,.375,1,4,.250,5,12,.417,.406,4,6,.667,3,11,14,8,2,1,1,5,17,keybr01
263,Corey Kispert,SF,24,WAS,55,1,1241,239,499,.479,113,308,.367,126,191,.660,.592,77,99,.778,17,118,135,89,24,8,60,88,668,kispeco01
264,Maxi Kleber,C,32,DAL,21,7,461,42,92,.457,19,53,.358,23,39,.590,.560,15,23,.652,16,56,72,37,8,15,19,41,118,klebima01
265,Kevin Knox,SF,24,DET,31,11,560,86,186,.462,31,94,.330,55,92,.598,.546,20,22,.909,18,57,75,23,13,7,22,50,223,knoxke01
266,John Konchar,SF,27,MEM,45,15,876,69,162,.426,27,91,.297,42,71,.592,.509,13,16,.813,53,140,193,81,38,42,29,56,178,konchjo01
267,Furkan Korkmaz,SG,26,PHI,35,0,300,30,76,.395,14,40,.350,16,36,.444,.487,14,20,.700,4,26,30,25,14,3,10,17,88,korkmfu01
268,Luke Kornet,C,28,BOS,41,2,605,88,126,.698,0,0,,88,126,.698,.698,29,33,.879,77,84,161,36,16,40,17,57,205,kornelu01
269,Vit Krejci,PG,23,ATL,1,0,2,0,0,,0,0,,0,0,,,0,0,,0,0,0,0,0,0,0,0,0,krejcvi01
270,Jonathan Kuminga,PF,21,GSW,55,29,1408,318,604,.526,40,129,.310,278,475,.585,.560,166,229,.725,70,189,259,111,37,25,89,119,842,kuminjo01
271,Kyle Kuzma,PF,28,WAS,55,55,1746,474,1039,.456,125,376,.332,349,663,.526,.516,135,174,.776,56,297,353,226,27,37,145,121,1208,kuzmaky01
272,Jock Landale,C,28,HOU,31,0,282,27,70,.386,2,18,.111,25,52,.481,.400,13,17,.765,38,30,68,21,8,11,12,28,69,landajo01
273,Jake LaRavia,PF,22,MEM,12,0,139,17,51,.333,5,27,.185,12,24,.500,.382,4,5,.800,10,10,20,8,3,1,5,20,43,laravja01
274,Zach LaVine,SG,28,CHI,25,23,872,170,376,.452,59,169,.349,111,207,.536,.531,88,103,.854,8,121,129,98,21,8,52,57,487,lavinza01
275,A.J. Lawson,SG,23,DAL,27,0,230,39,84,.464,13,40,.325,26,44,.591,.542,12,19,.632,11,21,32,13,9,3,10,19,103,lawsoaj01
276,Saben Lee,PG,24,PHO,15,0,116,14,34,.412,1,10,.100,13,24,.542,.426,23,31,.742,6,17,23,18,7,3,7,6,52,leesa01
277,Alex Len,C,30,SAC,23,0,197,25,41,.610,0,3,.000,25,38,.658,.610,7,15,.467,28,41,69,22,6,11,14,27,57,lenal01
278,Kawhi Leonard,SF,32,LAC,51,51,1750,458,868,.528,114,258,.442,344,610,.564,.593,190,213,.892,60,255,315,187,88,44,89,77,1220,leonaka01
279,Caris LeVert,SG,29,CLE,46,1,1261,236,566,.417,75,229,.328,161,337,.478,.483,103,135,.763,26,147,173,204,42,20,67,80,650,leverca01
280,Kira Lewis Jr.,PG,22,TOT,19,0,153,17,54,.315,2,21,.095,15,33,.455,.333,10,11,.909,5,10,15,21,6,1,8,9,46,lewiski01
280,Kira Lewis Jr.,PG,22,NOP,15,0,144,16,52,.308,2,20,.100,14,32,.438,.327,10,11,.909,4,10,14,18,5,1,8,8,44,lewiski01
280,Kira Lewis Jr.,PG,22,TOR,1,0,2,0,0,,0,0,,0,0,,,0,0,,0,0,0,0,0,0,0,1,0,lewiski01
280,Kira Lewis Jr.,PG,22,UTA,3,0,7,1,2,.500,0,1,.000,1,1,1.000,.500,0,0,,1,0,1,3,1,0,0,0,2,lewiski01
281,Maxwell Lewis,SF,21,LAL,20,0,70,3,12,.250,1,3,.333,2,9,.222,.292,0,0,,1,2,3,3,2,0,5,3,7,lewisma05
282,E.J. Liddell,PF,23,NOP,8,0,23,1,6,.167,0,5,.000,1,1,1.000,.167,2,2,1.000,0,5,5,1,2,2,2,2,4,liddeej01
283,Damian Lillard,PG,33,MIL,53,53,1856,391,925,.423,154,450,.342,237,475,.499,.506,365,395,.924,29,198,227,362,57,11,137,93,1301,lillada01
284,Nassir Little,SF,23,PHO,34,2,426,49,107,.458,19,60,.317,30,47,.638,.547,17,20,.850,14,57,71,19,10,10,13,37,134,littlna01
285,Dereck Lively II,C,19,DAL,39,37,983,157,214,.734,0,2,.000,157,212,.741,.734,34,62,.548,109,187,296,49,27,56,42,115,348,livelde01
286,Isaiah Livers,PF,25,DET,23,6,469,40,116,.345,22,77,.286,18,39,.462,.440,12,18,.667,15,33,48,25,13,5,16,43,114,liveris01
287,Chris Livingston,SF,20,MIL,15,0,62,7,14,.500,1,1,1.000,6,13,.462,.536,2,2,1.000,2,12,14,4,2,0,3,7,17,livinch01
288,Kenneth Lofton Jr.,PF,21,TOT,17,0,108,15,43,.349,3,12,.250,12,31,.387,.384,8,15,.533,2,16,18,14,3,3,8,15,41,loftoke01
288,Kenneth Lofton Jr.,PF,21,MEM,15,0,99,14,37,.378,3,10,.300,11,27,.407,.419,8,15,.533,2,13,15,14,3,3,6,15,39,loftoke01
288,Kenneth Lofton Jr.,PF,21,PHI,2,0,9,1,6,.167,0,2,.000,1,4,.250,.167,0,0,,0,3,3,0,0,0,2,0,2,loftoke01
289,Kevon Looney,C,27,GSW,56,36,986,111,184,.603,0,1,.000,111,183,.607,.603,43,62,.694,123,224,347,117,23,19,41,126,265,looneke01
290,Brook Lopez,C,35,MIL,55,55,1734,270,559,.483,99,289,.343,171,270,.633,.572,78,93,.839,85,220,305,91,34,151,53,140,717,lopezbr01
291,Robin Lopez,C,35,MIL,16,2,65,7,19,.368,2,8,.250,5,11,.455,.421,2,2,1.000,3,2,5,4,1,3,2,7,18,lopezro01
292,Kevin Love,PF,35,MIA,45,5,793,126,290,.434,70,204,.343,56,86,.651,.555,76,98,.776,48,235,283,102,16,8,35,82,398,loveke01
293,Kyle Lowry,PG,37,TOT,39,35,1083,109,251,.434,64,165,.388,45,86,.523,.562,35,42,.833,27,108,135,155,41,15,57,99,317,lowryky01
293,Kyle Lowry,PG,37,MIA,37,35,1037,103,242,.426,62,161,.385,41,81,.506,.554,35,42,.833,25,104,129,147,39,15,53,94,303,lowryky01
293,Kyle Lowry,PG,37,PHI,2,0,46,6,9,.667,2,4,.500,4,5,.800,.778,0,0,,2,4,6,8,2,0,4,5,14,lowryky01
294,Seth Lundy,SF,23,ATL,9,0,52,4,17,.235,3,13,.231,1,4,.250,.324,3,4,.750,1,6,7,0,0,0,1,6,14,lundyse01
295,Trey Lyles,PF,28,SAC,41,0,807,102,224,.455,65,163,.399,37,61,.607,.600,34,51,.667,39,144,183,47,13,11,26,59,303,lylestr01
296,Théo Maledon,PG,22,TOT,16,1,212,20,69,.290,5,30,.167,15,39,.385,.326,14,15,.933,4,20,24,28,7,0,18,21,59,maledth01
296,Théo Maledon,PG,22,CHO,13,1,200,19,66,.288,5,30,.167,14,36,.389,.326,11,12,.917,4,19,23,28,7,0,15,18,54,maledth01
296,Théo Maledon,PG,22,PHO,3,0,12,1,3,.333,0,0,,1,3,.333,.333,3,3,1.000,0,1,1,0,0,0,3,3,5,maledth01
297,Sandro Mamukelashvili,C,24,SAS,32,0,212,31,71,.437,8,34,.235,23,37,.622,.493,12,17,.706,19,37,56,28,6,8,8,22,82,mamuksa01
298,Terance Mann,SG,27,LAC,50,46,1270,152,323,.471,47,146,.322,105,177,.593,.543,43,56,.768,65,107,172,94,27,11,33,92,394,mannte01
299,Tre Mann,PG,22,TOT,19,6,296,45,99,.455,19,43,.442,26,56,.464,.551,10,11,.909,8,49,57,51,13,0,20,17,119,manntr01
299,Tre Mann,PG,22,OKC,13,0,119,20,40,.500,8,19,.421,12,21,.571,.600,1,1,1.000,4,20,24,20,3,0,9,3,49,manntr01
299,Tre Mann,PG,22,CHO,6,6,177,25,59,.424,11,24,.458,14,35,.400,.517,9,10,.900,4,29,33,31,10,0,11,14,70,manntr01
300,Boban Marjanović,C,35,HOU,9,0,48,10,21,.476,0,2,.000,10,19,.526,.476,3,6,.500,6,16,22,4,0,1,2,4,23,marjabo01
301,Lauri Markkanen,PF,26,UTA,48,48,1577,380,775,.490,156,387,.403,224,388,.577,.591,206,232,.888,109,301,410,97,41,23,63,89,1122,markkla01
302,Naji Marshall,SF,26,NOP,46,1,848,118,261,.452,39,105,.371,79,156,.506,.527,61,77,.792,43,114,157,90,32,8,48,70,336,marshna01
303,Caleb Martin,SF,28,MIA,39,18,1041,149,331,.450,43,122,.352,106,209,.507,.515,48,64,.750,48,128,176,84,30,12,46,80,389,martica02
304,Cody Martin,SF,28,CHO,25,19,670,75,193,.389,25,76,.329,50,117,.427,.453,17,30,.567,17,80,97,90,32,14,41,41,192,martico01
305,KJ Martin,SF,23,TOT,42,2,484,65,118,.551,5,20,.250,60,98,.612,.572,14,29,.483,18,59,77,31,16,6,21,62,149,martike04
305,KJ Martin,SF,23,LAC,2,0,31,4,10,.400,1,5,.200,3,5,.600,.450,1,2,.500,1,2,3,1,2,1,2,3,10,martike04
305,KJ Martin,SF,23,PHI,40,2,453,61,108,.565,4,15,.267,57,93,.613,.583,13,27,.481,17,57,74,30,14,5,19,59,139,martike04
306,Garrison Mathews,SG,27,ATL,41,4,520,47,105,.448,42,97,.433,5,8,.625,.648,10,15,.667,9,40,49,18,10,4,15,65,146,mathega01
307,Bennedict Mathurin,SF,21,IND,54,17,1393,266,597,.446,68,185,.368,198,412,.481,.503,161,195,.826,56,160,216,108,32,11,90,102,761,mathube01
308,Wesley Matthews,SG,37,ATL,21,1,232,13,46,.283,9,36,.250,4,10,.400,.380,14,19,.737,4,24,28,13,10,4,6,28,49,matthwe02
309,Tyrese Maxey,PG,23,PHI,52,52,1941,466,1040,.448,158,418,.378,308,622,.495,.524,252,292,.863,28,167,195,332,52,25,89,115,1342,maxeyty01
310,Skylar Mays,PG-SG,26,TOT,31,5,419,62,156,.397,16,54,.296,46,102,.451,.449,13,17,.765,10,32,42,83,17,4,19,25,153,mayssk01
310,Skylar Mays,PG,26,POR,21,5,356,53,138,.384,14,49,.286,39,89,.438,.435,13,17,.765,9,28,37,75,14,3,18,20,133,mayssk01
310,Skylar Mays,SG,26,LAL,10,0,63,9,18,.500,2,5,.400,7,13,.538,.556,0,0,,1,4,5,8,3,1,1,5,20,mayssk01
311,Miles McBride,PG,23,NYK,44,3,556,97,219,.443,49,122,.402,48,97,.495,.555,20,25,.800,12,32,44,44,25,3,17,50,263,mcbrimi01
312,CJ McCollum,PG,32,NOP,43,43,1361,293,638,.459,143,343,.417,150,295,.508,.571,81,102,.794,24,160,184,197,46,32,68,89,810,mccolcj01
313,T.J. McConnell,PG,31,IND,47,4,817,178,329,.541,5,21,.238,173,308,.562,.549,36,47,.766,22,101,123,260,48,5,72,50,397,mccontj01
314,Jaden McDaniels,SF,23,MIN,47,46,1348,200,399,.501,57,159,.358,143,240,.596,.573,32,41,.780,35,88,123,63,41,24,60,144,489,mcdanja02
315,Jalen McDaniels,SF,26,TOR,34,0,299,35,106,.330,11,53,.208,24,53,.453,.382,14,20,.700,9,33,42,17,11,3,18,30,95,mcdanja01
316,Doug McDermott,SF,32,TOT,51,0,761,102,237,.430,80,191,.419,22,46,.478,.599,11,19,.579,9,42,51,61,11,2,25,51,295,mcderdo01
316,Doug McDermott,SF,32,SAS,46,0,700,95,215,.442,76,173,.439,19,42,.452,.619,10,17,.588,8,40,48,57,11,2,24,48,276,mcderdo01
316,Doug McDermott,SF,32,IND,5,0,61,7,22,.318,4,18,.222,3,4,.750,.409,1,2,.500,1,2,3,4,0,0,1,3,19,mcderdo01
317,JaVale McGee,C,36,SAC,39,0,310,73,116,.629,0,4,.000,73,112,.652,.629,25,43,.581,37,75,112,14,9,19,31,44,171,mcgeeja01
318,Bryce McGowens,SG,21,CHO,45,13,731,84,186,.452,30,85,.353,54,101,.535,.532,45,59,.763,16,70,86,41,17,6,25,65,243,mcgowbr01
319,Jordan McLaughlin,PG,27,MIN,34,0,297,30,77,.390,17,43,.395,13,34,.382,.500,4,8,.500,10,25,35,55,23,5,11,17,81,mclaujo01
320,De'Anthony Melton,SG,25,PHI,35,33,993,136,346,.393,75,205,.366,61,141,.433,.501,66,79,.835,27,109,136,109,56,15,39,81,413,meltode01
321,Nathan Mensah,C,25,CHO,25,0,307,12,28,.429,0,0,,12,28,.429,.429,9,12,.750,29,36,65,9,6,14,14,64,33,mensana01
322,Sam Merrill,SG,27,CLE,40,0,608,103,237,.435,89,205,.434,14,32,.438,.622,11,12,.917,15,58,73,61,14,1,11,43,306,merrisa01
323,Chimezie Metu,C,26,PHO,37,5,447,66,130,.508,15,51,.294,51,79,.646,.565,38,43,.884,24,86,110,19,19,9,27,39,185,metuch01
324,Vasilije Micić,PG,30,TOT,36,0,494,60,144,.417,17,64,.266,43,80,.538,.476,20,27,.741,4,32,36,112,11,3,39,33,157,micicva01
324,Vasilije Micić,PG,30,OKC,30,0,361,37,91,.407,11,45,.244,26,46,.565,.467,14,19,.737,1,23,24,76,9,3,29,22,99,micicva01
324,Vasilije Micić,PG,30,CHO,6,0,133,23,53,.434,6,19,.316,17,34,.500,.491,6,8,.750,3,9,12,36,2,0,10,11,58,micicva01
325,Khris Middleton,SF,32,MIL,43,43,1129,242,497,.487,73,193,.378,169,304,.556,.560,79,95,.832,26,158,184,216,38,13,89,104,636,middlkh01
326,Brandon Miller,SF,21,CHO,51,45,1616,315,717,.439,118,312,.378,197,405,.486,.522,94,113,.832,43,162,205,121,48,28,92,134,842,millebr02
327,Jordan Miller,SF,24,LAC,5,0,21,4,6,.667,1,1,1.000,3,5,.600,.750,2,2,1.000,2,2,4,0,0,0,1,2,11,millejo02
328,Leonard Miller,SF,20,MIN,7,0,26,7,11,.636,1,3,.333,6,8,.750,.682,0,0,,1,9,10,3,1,1,1,3,15,millele01
329,Dariq Whitehead,SF,19,BRK,2,0,24,1,5,.200,0,3,.000,1,2,.500,.200,1,2,.500,0,4,4,3,0,1,0,0,3,whiteda01
330,Patty Mills,PG,35,ATL,19,0,202,19,51,.373,13,34,.382,6,17,.353,.500,0,0,,5,15,20,14,9,1,8,17,51,millspa02
331,Shake Milton,SG,27,TOT,42,0,554,75,186,.403,17,62,.274,58,124,.468,.449,38,47,.809,14,55,69,56,18,6,31,47,205,miltosh01
331,Shake Milton,SG,27,MIN,38,0,491,64,160,.400,14,53,.264,50,107,.467,.444,36,44,.818,7,44,51,50,16,5,28,44,178,miltosh01
331,Shake Milton,SG,27,DET,4,0,63,11,26,.423,3,9,.333,8,17,.471,.481,2,3,.667,7,11,18,6,2,1,3,3,27,miltosh01
332,Justin Minaya,SF,24,POR,19,0,151,6,25,.240,3,16,.188,3,9,.333,.300,3,6,.500,10,10,20,8,5,5,5,10,18,minayju01
333,Josh Minott,SF,21,MIN,20,0,62,10,21,.476,1,6,.167,9,15,.600,.500,12,14,.857,3,8,11,3,3,3,2,7,33,minotjo01
334,Davion Mitchell,PG,25,SAC,46,3,608,66,164,.402,27,85,.318,39,79,.494,.485,18,25,.720,7,39,46,77,10,2,25,56,177,mitchda01
335,Donovan Mitchell,SG,27,CLE,45,45,1596,438,928,.472,148,408,.363,290,520,.558,.552,241,278,.867,42,200,242,281,85,23,125,98,1265,mitchdo01
336,Evan Mobley,PF,22,CLE,33,33,1026,216,367,.589,10,25,.400,206,342,.602,.602,75,103,.728,78,252,330,91,28,52,65,96,517,mobleev01
337,Isaiah Mobley,PF,24,CLE,3,0,14,2,4,.500,1,2,.500,1,2,.500,.625,0,0,,0,2,2,4,1,0,1,2,5,mobleis01
338,Malik Monk,SG,25,SAC,55,0,1425,292,650,.449,122,328,.372,170,322,.528,.543,129,157,.822,19,132,151,287,32,36,119,110,835,monkma01
339,Moses Moody,SG,21,GSW,42,4,706,120,259,.463,42,123,.341,78,136,.574,.544,47,59,.797,45,78,123,33,26,15,28,52,329,moodymo01
340,Xavier Moon,SG,29,LAC,2,0,12,1,2,.500,0,1,.000,1,1,1.000,.500,0,0,,0,2,2,3,0,0,1,1,2,moonxa01
341,Taze Moore,SG,25,POR,3,0,10,3,5,.600,0,2,.000,3,3,1.000,.600,0,0,,0,0,0,1,1,0,1,2,6,mooreta02
342,Wendell Moore Jr.,SG,22,MIN,14,0,44,5,10,.500,0,4,.000,5,6,.833,.500,0,0,,0,6,6,2,5,1,3,4,10,moorewe01
343,Ja Morant,PG,24,MEM,9,9,318,80,170,.471,14,51,.275,66,119,.555,.512,52,64,.813,6,44,50,73,7,5,27,19,226,moranja01
344,Marcus Morris,PF,34,PHI,37,7,637,90,205,.439,36,90,.400,54,115,.470,.527,31,36,.861,18,91,109,26,13,11,19,61,247,morrima03
345,Markieff Morris,PF,34,DAL,18,1,160,16,49,.327,10,30,.333,6,19,.316,.429,3,4,.750,4,26,30,11,5,1,9,11,45,morrima02
346,Monte Morris,PG,28,TOT,11,0,142,23,58,.397,6,25,.240,17,33,.515,.448,2,3,.667,2,16,18,20,5,3,3,3,54,morrimo01
346,Monte Morris,PG,28,DET,6,0,68,12,33,.364,2,11,.182,10,22,.455,.394,1,2,.500,2,10,12,8,1,1,2,1,27,morrimo01
346,Monte Morris,PG,28,MIN,5,0,74,11,25,.440,4,14,.286,7,11,.636,.520,1,1,1.000,0,6,6,12,4,2,1,2,27,morrimo01
347,Trey Murphy III,SF,23,NOP,33,9,876,137,329,.416,81,234,.346,56,95,.589,.540,53,68,.779,18,113,131,54,27,19,16,41,408,murphtr02
348,Dejounte Murray,SG,27,ATL,54,54,1895,446,956,.467,121,336,.360,325,620,.524,.530,151,183,.825,40,245,285,295,70,16,123,95,1164,murrade01
349,Jamal Murray,PG,26,DEN,42,42,1325,326,691,.472,100,244,.410,226,447,.506,.544,113,132,.856,28,137,165,269,35,30,86,80,865,murraja01
350,Keegan Murray,SF,23,SAC,52,52,1697,292,635,.460,114,322,.354,178,313,.569,.550,69,85,.812,64,212,276,86,55,33,46,138,767,murrake02
351,Kris Murray,SF,23,POR,36,3,514,54,137,.394,19,67,.284,35,70,.500,.464,12,22,.545,31,53,84,29,28,7,21,35,139,murrakr01
352,Mike Muscala,C,32,TOT,37,6,509,48,134,.358,27,85,.318,21,49,.429,.459,17,24,.708,32,72,104,32,8,12,18,44,140,muscami01
352,Mike Muscala,C,32,WAS,24,2,338,33,90,.367,14,51,.275,19,39,.487,.444,15,20,.750,22,53,75,22,5,7,16,31,95,muscami01
352,Mike Muscala,C,32,DET,13,4,171,15,44,.341,13,34,.382,2,10,.200,.489,2,4,.500,10,19,29,10,3,5,2,13,45,muscami01
353,Svi Mykhailiuk,SF,26,BOS,24,0,183,23,66,.348,17,53,.321,6,13,.462,.477,3,6,.500,5,16,21,11,7,0,7,12,66,mykhasv01
354,Larry Nance Jr.,C,31,NOP,40,0,735,83,145,.572,20,46,.435,63,99,.636,.641,28,38,.737,58,148,206,60,39,15,35,58,214,nancela02
355,Pete Nance,PF,23,CLE,2,0,4,0,2,.000,0,0,,0,2,.000,.000,0,0,,0,0,0,0,0,0,0,0,0,nancepe01
356,Andrew Nembhard,PG,24,IND,44,23,1025,170,339,.501,33,96,.344,137,243,.564,.550,30,38,.789,25,59,84,199,40,4,73,85,403,nembhan01
357,Aaron Nesmith,SF,24,IND,51,26,1381,235,453,.519,108,239,.452,127,214,.593,.638,66,94,.702,48,150,198,72,54,34,50,170,644,nesmiaa01
358,Georges Niang,PF,30,CLE,56,1,1206,184,421,.437,95,263,.361,89,158,.563,.550,37,45,.822,18,184,202,65,13,12,43,133,500,niangge01
359,Daishen Nix,PG,21,MIN,10,0,35,8,19,.421,5,13,.385,3,6,.500,.553,1,4,.250,0,1,1,2,2,0,1,1,22,nixda01
360,Zeke Nnaji,PF,23,DEN,43,0,422,55,119,.462,5,19,.263,50,100,.500,.483,36,51,.706,51,44,95,26,11,27,25,63,151,nnajize01
361,Jaylen Nowell,SG,24,MEM,9,1,156,22,55,.400,4,23,.174,18,32,.563,.436,3,3,1.000,3,11,14,16,3,0,5,13,51,nowelja01
362,Markquis Nowell,SG,24,TOR,1,0,4,0,1,.000,0,0,,0,1,.000,.000,2,2,1.000,2,0,2,2,1,0,0,0,2,nowelma01
363,Frank Ntilikina,PG,25,CHO,5,0,43,1,9,.111,1,8,.125,0,1,.000,.167,2,2,1.000,1,5,6,4,0,0,1,4,5,ntilila01
364,Jusuf Nurkić,C,29,PHO,54,54,1473,246,475,.518,21,84,.250,225,391,.575,.540,125,182,.687,142,415,557,203,55,54,112,180,638,nurkiju01
365,Jordan Nwora,SF,25,TOT,30,1,326,57,134,.425,20,61,.328,37,73,.507,.500,28,32,.875,13,47,60,34,12,3,19,33,162,nworajo01
365,Jordan Nwora,SF,25,IND,18,0,183,37,82,.451,11,36,.306,26,46,.565,.518,9,11,.818,8,25,33,18,6,1,12,19,94,nworajo01
365,Jordan Nwora,SF,25,TOR,12,1,143,20,52,.385,9,25,.360,11,27,.407,.471,19,21,.905,5,22,27,16,6,2,7,14,68,nworajo01
366,Royce O'Neale,SF,30,TOT,55,7,1351,144,370,.389,111,300,.370,33,70,.471,.539,17,27,.630,43,215,258,153,43,32,55,133,416,onealro01
366,Royce O'Neale,SF,30,BRK,49,6,1202,126,325,.388,97,265,.366,29,60,.483,.537,15,22,.682,38,183,221,137,32,29,51,120,364,onealro01
366,Royce O'Neale,SF,30,PHO,6,1,149,18,45,.400,14,35,.400,4,10,.400,.556,2,5,.400,5,32,37,16,11,3,4,13,52,onealro01
367,Chuma Okeke,SF,25,ORL,34,8,383,38,99,.384,23,72,.319,15,27,.556,.500,2,5,.400,18,55,73,17,7,7,12,19,101,okekech01
368,Josh Okogie,SG,25,PHO,52,11,898,80,192,.417,26,88,.295,54,104,.519,.484,71,97,.732,68,75,143,60,45,22,32,64,257,okogijo01
369,Onyeka Okongwu,C,23,ATL,53,8,1367,214,351,.610,22,65,.338,192,286,.671,.641,92,115,.800,143,226,369,71,23,59,45,158,542,okongon01
370,Isaac Okoro,SF,23,CLE,47,26,1231,156,314,.497,50,128,.391,106,186,.570,.576,68,98,.694,53,89,142,89,39,22,36,94,430,okorois01
371,Kelly Olynyk,C,32,TOT,55,8,1110,162,293,.553,38,94,.404,124,199,.623,.618,90,105,.857,69,207,276,231,44,15,85,146,452,olynyke01
371,Kelly Olynyk,C,32,UTA,50,8,1019,145,258,.562,36,84,.429,109,174,.626,.632,80,95,.842,63,191,254,219,37,12,81,132,406,olynyke01
371,Kelly Olynyk,C,32,TOR,5,0,91,17,35,.486,2,10,.200,15,25,.600,.514,10,10,1.000,6,16,22,12,7,3,4,14,46,olynyke01
372,Eugene Omoruyi,SF,26,WAS,26,0,196,47,95,.495,6,25,.240,41,70,.586,.526,24,32,.750,22,33,55,22,19,1,14,37,124,omorueu01
373,Cedi Osman,SF,28,SAS,58,1,1026,149,314,.475,68,180,.378,81,134,.604,.583,34,50,.680,20,125,145,101,29,9,41,85,400,osmande01
374,Kelly Oubre Jr.,SF,28,PHI,45,32,1309,235,515,.456,63,202,.312,172,313,.550,.517,93,127,.732,57,148,205,49,54,24,46,133,626,oubreke01
375,Chris Paul,PG,38,GSW,32,11,882,104,245,.424,43,119,.361,61,126,.484,.512,35,42,.833,10,111,121,230,36,3,38,59,286,paulch01
376,Cameron Payne,PG,29,TOT,54,3,842,126,284,.444,62,161,.385,64,123,.520,.553,46,54,.852,9,64,73,130,25,4,36,80,360,payneca01
376,Cameron Payne,PG,29,MIL,47,2,702,101,222,.455,52,131,.397,49,91,.538,.572,37,44,.841,5,57,62,109,22,3,31,73,291,payneca01
376,Cameron Payne,PG,29,PHI,7,1,140,25,62,.403,10,30,.333,15,32,.469,.484,9,10,.900,4,7,11,21,3,1,5,7,69,payneca01
377,Gary Payton II,SG,31,GSW,22,0,345,53,102,.520,12,37,.324,41,65,.631,.578,9,13,.692,24,40,64,21,23,7,12,38,127,paytoga02
378,Drew Peterson,PF,24,BOS,1,0,3,1,1,1.000,1,1,1.000,0,0,,1.500,0,0,,0,0,0,1,0,0,0,1,3,peterdr01
379,Filip Petrušev,C,23,TOT,3,0,10,1,2,.500,0,0,,1,2,.500,.500,1,2,.500,0,1,1,0,0,0,0,1,3,petrufi01
379,Filip Petrušev,C,23,PHI,1,0,3,0,0,,0,0,,0,0,,,0,0,,0,1,1,0,0,0,0,0,0,petrufi01
379,Filip Petrušev,C,23,SAC,2,0,7,1,2,.500,0,0,,1,2,.500,.500,1,2,.500,0,0,0,0,0,0,0,1,3,petrufi01
380,Julian Phillips,SF,20,CHI,32,0,218,22,50,.440,6,24,.250,16,26,.615,.500,6,11,.545,6,15,21,9,1,6,7,32,56,phillju01
381,Jalen Pickett,SG,24,DEN,19,0,103,12,29,.414,7,21,.333,5,8,.625,.534,3,4,.750,1,10,11,13,3,0,6,9,34,pickeja02
382,Scotty Pippen Jr.,PG,23,MEM,8,4,181,28,59,.475,13,23,.565,15,36,.417,.585,15,21,.714,8,19,27,36,8,4,15,21,84,pippesc02
383,Mason Plumlee,C,33,LAC,25,9,421,56,87,.644,0,0,,56,87,.644,.644,46,66,.697,35,104,139,30,8,8,16,38,158,plumlma01
384,Brandin Podziemski,SG,20,GSW,50,17,1332,196,429,.457,63,169,.373,133,260,.512,.530,38,61,.623,77,216,293,194,41,8,64,90,493,podzibr01
385,Jakob Poeltl,C,28,TOR,46,46,1229,225,340,.662,0,0,,225,340,.662,.662,56,101,.554,132,264,396,112,30,71,74,135,506,poeltja01
386,Aleksej Pokusevski,PF,22,OKC,10,0,60,4,16,.250,2,11,.182,2,5,.400,.313,2,4,.500,2,8,10,5,1,1,3,5,12,pokusal01
387,Jordan Poole,SG,24,WAS,55,52,1610,314,787,.399,112,363,.309,202,424,.476,.470,143,166,.861,20,116,136,201,61,18,119,180,883,poolejo01
388,Craig Porter Jr.,PG,23,CLE,34,5,478,86,170,.506,7,21,.333,79,149,.530,.526,32,46,.696,15,65,80,92,17,12,33,30,211,portecr01
389,Jontay Porter,PF,24,TOR,17,5,221,26,70,.371,12,37,.324,14,33,.424,.457,11,12,.917,17,37,54,30,12,11,10,28,75,portejo01
390,Michael Porter Jr.,SF,25,DEN,57,57,1806,356,752,.473,154,394,.391,202,358,.564,.576,60,74,.811,80,323,403,82,26,40,61,108,926,portemi01
391,Otto Porter Jr.,SF,30,TOR,15,1,174,14,33,.424,8,23,.348,6,10,.600,.545,3,3,1.000,6,23,29,8,5,5,2,19,39,porteot01
392,Bobby Portis,PF,28,MIL,58,1,1383,300,603,.498,68,175,.389,232,428,.542,.554,72,91,.791,94,303,397,64,42,23,56,139,740,portibo01
393,Kristaps Porziņģis,C,28,BOS,42,42,1242,284,539,.527,79,214,.369,205,325,.631,.600,198,233,.850,64,221,285,82,25,78,69,119,845,porzikr01
394,Micah Potter,PF,25,UTA,2,0,7,0,1,.000,0,1,.000,0,0,,.000,0,0,,0,4,4,0,0,0,0,0,0,pottemi01
395,Dwight Powell,C,32,DAL,49,8,730,67,95,.705,1,2,.500,66,93,.710,.711,60,83,.723,81,101,182,75,22,18,28,99,195,poweldw01
396,Norman Powell,SG,30,LAC,55,1,1404,266,539,.494,120,263,.456,146,276,.529,.605,98,117,.838,10,129,139,54,28,19,49,98,750,powelno01
397,Jason Preston,PG,24,UTA,1,0,1,0,0,,0,0,,0,0,,,0,0,,1,0,1,0,0,0,1,0,0,prestja01
398,Joshua Primo,SG,21,LAC,1,0,5,1,2,.500,0,1,.000,1,1,1.000,.500,0,0,,0,0,0,0,0,1,3,0,2,primojo01
399,Taurean Prince,PF,29,LAL,56,49,1671,193,443,.436,110,285,.386,83,158,.525,.560,38,53,.717,13,153,166,96,48,26,51,120,534,princta02
400,Payton Pritchard,PG,26,BOS,57,0,1173,165,379,.435,98,257,.381,67,122,.549,.565,30,37,.811,51,128,179,157,24,6,35,71,458,pritcpa01
401,Olivier-Maxence Prosper,PF,21,DAL,31,0,256,25,71,.352,8,33,.242,17,38,.447,.408,23,34,.676,18,43,61,19,4,3,5,17,81,prospol01
402,Trevelin Queen,SG,26,ORL,13,0,163,14,38,.368,3,17,.176,11,21,.524,.408,9,12,.750,3,16,19,18,7,5,7,15,40,queentr01
403,Neemias Queta,C,24,BOS,23,0,283,49,80,.613,0,0,,49,80,.613,.613,15,20,.750,44,58,102,11,10,14,9,45,113,quetane01
404,Immanuel Quickley,SG-PG,24,TOT,52,22,1430,279,645,.433,127,309,.411,152,336,.452,.531,137,160,.856,13,156,169,198,32,6,59,85,822,quickim01
404,Immanuel Quickley,SG,24,NYK,30,0,720,152,335,.454,64,162,.395,88,173,.509,.549,82,94,.872,5,72,77,74,16,3,31,44,450,quickim01
404,Immanuel Quickley,PG,24,TOR,22,22,710,127,310,.410,63,147,.429,64,163,.393,.511,55,66,.833,8,84,92,124,16,3,28,41,372,quickim01
405,Lester Quinones,SG,23,GSW,22,0,283,36,91,.396,21,53,.396,15,38,.395,.511,16,23,.696,18,35,53,27,5,2,15,36,109,quinole01
406,Julius Randle,PF,29,NYK,46,46,1630,395,836,.472,76,244,.311,319,592,.539,.518,236,302,.781,99,324,423,229,25,12,159,125,1102,randlju01
407,Duop Reath,C,27,POR,42,11,722,137,291,.471,56,149,.376,81,142,.570,.567,42,57,.737,61,98,159,46,21,22,31,103,372,reathdu01
408,Austin Reaves,SG,25,LAL,59,34,1838,322,660,.488,103,283,.364,219,377,.581,.566,179,207,.865,39,193,232,321,53,13,126,110,926,reaveau01
409,Cam Reddish,SF,24,LAL,35,26,815,83,205,.405,32,95,.337,51,110,.464,.483,36,46,.783,19,65,84,47,43,11,30,55,234,reddica01
410,Paul Reed,C,24,PHI,57,21,1035,167,307,.544,12,35,.343,155,272,.570,.564,33,45,.733,125,192,317,68,39,48,40,138,379,reedpa01
411,Naz Reid,C,24,MIN,57,0,1287,259,540,.480,106,262,.405,153,278,.550,.578,63,85,.741,52,213,265,59,39,44,70,116,687,reidna01
412,Jared Rhoden,SG,24,DET,6,0,42,6,11,.545,1,4,.250,5,7,.714,.591,2,2,1.000,1,4,5,4,0,2,3,4,15,rhodeja01
413,Nick Richards,C,26,CHO,48,35,1254,186,269,.691,0,0,,186,269,.691,.691,105,144,.729,129,261,390,42,17,63,53,128,477,richani01
414,Josh Richardson,SG,30,MIA,43,6,1103,154,347,.444,66,190,.347,88,157,.561,.539,51,54,.944,18,103,121,105,24,14,36,76,425,richajo01
415,Duncan Robinson,SF,29,MIA,51,19,1402,237,517,.458,145,351,.413,92,166,.554,.599,65,73,.890,11,109,120,143,31,12,70,117,684,robindu01
416,Jerome Robinson,SG,26,GSW,11,0,36,2,12,.167,1,7,.143,1,5,.200,.208,5,8,.625,1,2,3,2,0,1,0,2,10,robinje01
417,Mitchell Robinson,C,25,NYK,21,21,613,58,98,.592,0,0,,58,98,.592,.592,14,38,.368,112,104,216,15,32,27,21,40,130,robinmi01
418,Orlando Robinson,C,23,MIA,24,7,239,32,62,.516,7,13,.538,25,49,.510,.573,18,24,.750,19,47,66,27,6,7,14,31,89,robinor01
419,Jeremiah Robinson-Earl,PF,23,NOP,24,1,247,33,64,.516,10,26,.385,23,38,.605,.594,10,13,.769,17,39,56,11,9,4,11,17,86,robinje02
420,David Roddy,PF,22,TOT,51,13,1126,157,389,.404,48,158,.304,109,231,.472,.465,46,67,.687,51,151,202,76,25,11,55,69,408,roddyda01
420,David Roddy,PF,22,MEM,48,13,1114,155,386,.402,47,156,.301,108,230,.470,.462,46,67,.687,51,149,200,76,25,11,54,68,403,roddyda01
420,David Roddy,PF,22,PHO,3,0,12,2,3,.667,1,2,.500,1,1,1.000,.833,0,0,,0,2,2,0,0,0,1,1,5,roddyda01
421,Ryan Rollins,PG,21,WAS,10,0,66,13,25,.520,2,3,.667,11,22,.500,.560,13,17,.765,2,9,11,11,8,3,7,7,41,rolliry01
422,Derrick Rose,PG,35,MEM,22,7,378,72,159,.453,15,40,.375,57,119,.479,.500,24,27,.889,7,36,43,73,8,2,28,21,183,rosede01
423,Terry Rozier,SG-PG,29,TOT,40,39,1364,298,677,.440,94,279,.337,204,398,.513,.510,132,153,.863,27,135,162,254,40,14,76,71,822,roziete01
423,Terry Rozier,SG,29,CHO,30,30,1065,252,549,.459,83,232,.358,169,317,.533,.535,109,129,.845,17,100,117,198,32,12,65,52,696,roziete01
423,Terry Rozier,PG,29,MIA,10,9,299,46,128,.359,11,47,.234,35,81,.432,.402,23,24,.958,10,35,45,56,8,2,11,19,126,roziete01
424,Rayan Rupert,SG,19,POR,16,0,119,15,43,.349,7,17,.412,8,26,.308,.430,5,8,.625,7,14,21,11,3,0,6,7,42,ruperra01
425,D'Angelo Russell,PG,27,LAL,54,47,1698,348,748,.465,146,350,.417,202,398,.508,.563,108,134,.806,20,134,154,345,45,27,105,114,950,russeda01
426,Matt Ryan,SF,26,NOP,16,1,324,43,95,.453,36,77,.468,7,18,.389,.642,13,14,.929,5,30,35,14,6,1,17,27,135,ryanma01
427,Domantas Sabonis,C,27,SAC,56,56,1997,457,738,.619,26,62,.419,431,676,.638,.637,187,268,.698,185,556,741,473,49,30,183,175,1127,sabondo01
428,Luka Šamanić,PF,24,UTA,27,0,149,23,61,.377,6,24,.250,17,37,.459,.426,17,21,.810,8,35,43,4,1,3,12,16,69,samanlu01
429,Jermaine Samuels,SF,25,HOU,11,0,53,8,11,.727,0,2,.000,8,9,.889,.727,2,2,1.000,2,9,11,2,1,1,0,4,18,samueje01
430,Adama Sanogo,PF,21,CHI,3,0,11,3,3,1.000,0,0,,3,3,1.000,1.000,2,3,.667,2,4,6,0,0,0,1,0,8,sanogad01
431,Gui Santos,PF,21,GSW,14,0,118,17,34,.500,6,15,.400,11,19,.579,.588,14,15,.933,12,22,34,7,3,2,4,16,54,santogu01
432,Dario Šarić,C,29,GSW,54,9,1016,171,364,.470,72,185,.389,99,179,.553,.569,76,88,.864,68,202,270,133,30,9,67,108,490,saricda01
433,Olivier Sarr,C,24,OKC,13,0,90,10,18,.556,2,6,.333,8,12,.667,.611,9,13,.692,10,25,35,2,0,6,3,17,31,sarrol01
434,Marcus Sasser,PG,23,DET,50,0,813,145,310,.468,59,139,.424,86,171,.503,.563,34,40,.850,7,70,77,151,27,8,50,70,383,sassema01
435,Admiral Schofield,PF,26,ORL,13,0,49,6,16,.375,3,10,.300,3,6,.500,.469,0,2,.000,1,7,8,5,0,0,4,7,15,schofad01
436,Dennis Schröder,PG,30,TOT,56,34,1687,263,611,.430,84,241,.349,179,370,.484,.499,129,154,.838,22,132,154,333,46,8,93,117,739,schrode01
436,Dennis Schröder,PG,30,TOR,51,33,1559,247,559,.442,77,220,.350,170,339,.501,.511,127,149,.852,22,118,140,313,46,8,83,105,698,schrode01
436,Dennis Schröder,PG,30,BRK,5,1,128,16,52,.308,7,21,.333,9,31,.290,.375,2,5,.400,0,14,14,20,0,0,10,12,41,schrode01
437,Dereon Seabron,SG,23,NOP,5,0,52,4,13,.308,1,2,.500,3,11,.273,.346,5,6,.833,1,6,7,4,2,1,0,4,14,seabrde01
438,Alperen Şengün,C,21,HOU,56,56,1814,464,861,.539,31,104,.298,433,757,.572,.557,219,309,.709,157,358,515,275,62,41,147,186,1178,sengual01
439,Brice Sensabaugh,SF,20,UTA,8,0,44,8,19,.421,3,8,.375,5,11,.455,.500,1,1,1.000,1,6,7,3,1,0,3,3,20,sensabr01
440,Collin Sexton,SG,25,UTA,58,35,1431,348,718,.485,91,232,.392,257,486,.529,.548,247,283,.873,50,98,148,270,41,13,116,117,1034,sextoco01
441,Landry Shamet,SG,26,WAS,40,2,620,106,244,.434,48,136,.353,58,108,.537,.533,35,43,.814,16,42,58,50,24,9,26,68,295,shamela01
442,Day'Ron Sharpe,C,22,BRK,41,1,641,120,207,.580,2,8,.250,118,199,.593,.585,61,98,.622,113,164,277,57,19,32,45,94,303,sharpda01
443,Shaedon Sharpe,SG,20,POR,32,25,1059,176,434,.406,60,180,.333,116,254,.457,.475,98,119,.824,42,118,160,94,28,12,72,88,510,sharpsh01
444,Ben Sheppard,SG,22,IND,35,0,384,45,110,.409,25,73,.342,20,37,.541,.523,14,17,.824,7,39,46,28,18,1,7,46,129,sheppbe01
445,Pascal Siakam,PF,29,TOT,56,56,1914,470,881,.533,67,195,.344,403,686,.587,.572,211,288,.733,84,276,360,266,48,14,108,133,1218,siakapa01
445,Pascal Siakam,PF,29,TOR,39,39,1354,325,623,.522,46,145,.317,279,478,.584,.559,169,223,.758,54,192,246,190,32,10,83,87,865,siakapa01
445,Pascal Siakam,PF,29,IND,17,17,560,145,258,.562,21,50,.420,124,208,.596,.603,42,65,.646,30,84,114,76,16,4,25,46,353,siakapa01
446,Ben Simmons,PG,27,BRK,14,12,345,41,72,.569,0,0,,41,72,.569,.569,6,15,.400,29,84,113,83,12,9,27,33,88,simmobe01
447,Anfernee Simons,SG,24,POR,33,33,1110,257,602,.427,109,287,.380,148,315,.470,.517,119,130,.915,15,102,117,172,16,4,86,75,742,simonan01
448,Jericho Sims,C,25,NYK,30,9,342,26,37,.703,0,0,,26,37,.703,.703,8,12,.667,30,53,83,11,3,11,8,27,60,simsje01
449,Dmytro Skapintsev,C,25,NYK,2,0,2,0,1,.000,0,0,,0,1,.000,.000,0,0,,0,0,0,0,0,0,0,0,0,skapidm01
450,Jalen Slawson,SF,24,SAC,5,0,19,2,3,.667,0,1,.000,2,2,1.000,.667,0,0,,0,4,4,2,0,1,2,3,4,slawsja01
451,Javonte Smart,PG,24,PHI,1,0,1,0,0,,0,0,,0,0,,,0,0,,0,0,0,0,0,0,0,0,0,smartja01
452,Marcus Smart,PG,29,MEM,20,20,605,102,237,.430,42,134,.313,60,103,.583,.519,43,56,.768,6,47,53,86,41,5,62,53,289,smartma01
453,Dennis Smith Jr.,PG,26,BRK,40,1,791,113,261,.433,20,73,.274,93,188,.495,.471,34,43,.791,40,94,134,155,47,10,51,90,280,smithde03
454,Dru Smith,SG,26,MIA,9,0,131,15,33,.455,7,17,.412,8,16,.500,.561,2,2,1.000,6,8,14,14,9,3,5,12,39,smithdr01
455,Ish Smith,PG,35,CHO,43,5,741,66,158,.418,4,8,.500,62,150,.413,.430,3,4,.750,11,65,76,145,17,4,47,49,139,smithis01
456,Jabari Smith Jr.,PF,20,HOU,52,52,1659,255,561,.455,89,244,.365,166,317,.524,.534,97,119,.815,106,341,447,78,36,37,66,140,696,smithja05
457,Jalen Smith,C,23,IND,39,13,704,161,259,.622,44,95,.463,117,164,.713,.707,45,64,.703,62,156,218,41,11,25,32,89,411,smithja04
458,Nick Smith Jr.,SG,19,CHO,37,0,573,88,217,.406,51,113,.451,37,104,.356,.523,11,13,.846,16,38,54,45,7,7,32,45,238,smithni01
459,Terquavion Smith,PG,21,PHI,12,0,69,16,40,.400,12,31,.387,4,9,.444,.550,2,3,.667,0,2,2,10,7,0,4,4,46,smithte01
460,Jeremy Sochan,PF,20,SAS,58,57,1716,260,593,.438,54,163,.331,206,430,.479,.484,84,110,.764,107,250,357,205,47,26,111,133,658,sochaje01
461,Pat Spencer,PG,27,GSW,1,0,2,0,0,,0,0,,0,0,,,0,0,,0,0,0,0,0,0,0,0,0,spencpa01
462,Jaden Springer,SG-PG,21,TOT,34,1,380,46,119,.387,8,38,.211,38,81,.469,.420,28,34,.824,25,33,58,35,25,11,26,49,128,sprinja01
462,Jaden Springer,SG,21,PHI,32,1,377,46,118,.390,8,37,.216,38,81,.469,.424,28,34,.824,25,33,58,35,25,11,26,49,128,sprinja01
462,Jaden Springer,PG,21,BOS,2,0,3,0,1,.000,0,1,.000,0,0,,.000,0,0,,0,0,0,0,0,0,0,0,0,sprinja01
463,Lamar Stevens,PF,26,TOT,23,1,213,40,82,.488,5,11,.455,35,71,.493,.518,13,20,.650,17,42,59,11,8,10,14,21,98,stevela01
463,Lamar Stevens,PF,26,BOS,19,1,122,21,45,.467,3,8,.375,18,37,.486,.500,8,11,.727,12,19,31,8,6,5,9,14,53,stevela01
463,Lamar Stevens,PF,26,MEM,4,0,91,19,37,.514,2,3,.667,17,34,.500,.541,5,9,.556,5,23,28,3,2,5,5,7,45,stevela01
464,Isaiah Stewart,PF,22,DET,35,34,1070,142,302,.470,49,131,.374,93,171,.544,.551,53,71,.746,63,175,238,61,13,27,54,86,386,stewais01
465,Julian Strawther,SF,21,DEN,38,0,493,75,198,.379,38,124,.306,37,74,.500,.475,18,25,.720,4,48,52,40,17,7,17,48,206,strawju01
466,Max Strus,SF,27,CLE,56,56,1805,246,593,.415,130,390,.333,116,203,.571,.524,58,75,.773,49,221,270,213,51,26,84,142,680,strusma01
467,Jalen Suggs,SG,22,ORL,53,53,1416,234,517,.453,108,279,.387,126,238,.529,.557,76,100,.760,38,133,171,135,75,32,100,147,652,suggsja01
468,Cole Swider,SF,24,MIA,10,0,50,9,23,.391,5,17,.294,4,6,.667,.500,2,2,1.000,1,2,3,4,1,1,6,2,25,swideco01
469,Jae'Sean Tate,SF,28,HOU,52,9,902,93,198,.470,21,69,.304,72,129,.558,.523,22,32,.688,53,121,174,56,38,9,26,122,229,tateja01
470,Jayson Tatum,PF,25,BOS,54,54,1938,496,1044,.475,166,456,.364,330,588,.561,.555,297,362,.820,47,411,458,260,57,32,137,110,1455,tatumja01
471,Terry Taylor,PF,24,CHI,20,0,141,16,29,.552,1,7,.143,15,22,.682,.569,1,1,1.000,14,15,29,7,4,2,7,13,34,taylote01
472,Garrett Temple,SG,37,TOR,16,0,69,8,21,.381,2,9,.222,6,12,.500,.429,5,6,.833,5,6,11,6,3,0,5,6,23,templga01
473,Dalen Terry,SG,21,CHI,37,1,378,32,81,.395,10,44,.227,22,37,.595,.457,17,24,.708,14,50,64,48,13,8,18,51,91,terryda01
474,Daniel Theis,C,31,TOT,41,1,685,105,194,.541,16,40,.400,89,154,.578,.582,31,43,.721,61,88,149,41,18,36,28,96,257,theisda01
474,Daniel Theis,C,31,IND,1,0,8,1,4,.250,0,1,.000,1,3,.333,.250,0,0,,0,0,0,0,0,0,0,1,2,theisda01
474,Daniel Theis,C,31,LAC,40,1,677,104,190,.547,16,39,.410,88,151,.583,.589,31,43,.721,61,88,149,41,18,36,28,95,255,theisda01
475,Cam Thomas,SG,22,BRK,47,32,1402,357,814,.439,93,262,.355,264,552,.478,.496,182,216,.843,17,118,135,123,35,12,85,98,989,thomaca02
476,Amen Thompson,SF,21,HOU,38,6,754,124,243,.510,7,45,.156,117,198,.591,.525,53,84,.631,67,147,214,93,44,23,57,86,308,thompam01
477,Ausar Thompson,SF,21,DET,56,31,1353,206,420,.490,13,86,.151,193,334,.578,.506,61,101,.604,121,238,359,105,55,52,73,160,486,thompau01
478,Klay Thompson,SF,33,GSW,53,49,1608,320,765,.418,172,462,.372,148,303,.488,.531,93,101,.921,25,159,184,118,30,27,80,96,905,thompkl01
479,Tristan Thompson,PF,32,CLE,36,0,446,61,94,.649,0,1,.000,61,93,.656,.649,13,42,.310,59,81,140,40,8,11,23,50,135,thomptr01
480,JT Thor,PF,21,CHO,45,1,581,51,139,.367,19,60,.317,32,79,.405,.435,7,13,.538,38,71,109,17,8,18,11,45,128,thorjt01
481,Matisse Thybulle,SF,26,POR,54,19,1247,98,258,.380,67,197,.340,31,61,.508,.510,16,20,.800,22,82,104,67,94,41,28,77,279,thybuma01
482,Xavier Tillman Sr.,C-PF,25,TOT,35,13,703,88,214,.411,12,53,.226,76,161,.472,.439,18,43,.419,56,101,157,57,42,36,29,61,206,tillmxa01
482,Xavier Tillman Sr.,C,25,MEM,34,13,700,87,213,.408,12,53,.226,75,160,.469,.437,18,43,.419,56,101,157,57,42,35,29,60,204,tillmxa01
482,Xavier Tillman Sr.,PF,25,BOS,1,0,3,1,1,1.000,0,0,,1,1,1.000,1.000,0,0,,0,0,0,0,0,1,0,1,2,tillmxa01
483,Jacob Toppin,SF,23,NYK,7,0,34,5,9,.556,1,4,.250,4,5,.800,.611,2,2,1.000,3,3,6,2,0,1,1,3,13,toppija01
484,Obi Toppin,PF,25,IND,58,28,1294,241,425,.567,75,183,.410,166,242,.686,.655,57,77,.740,63,163,226,94,30,29,51,105,614,toppiob01
485,Juan Toscano-Anderson,SF,30,SAC,11,0,53,3,12,.250,1,4,.250,2,8,.250,.292,0,0,,4,10,14,4,1,1,2,11,7,toscaju01
486,Karl-Anthony Towns,PF,28,MIN,56,56,1839,448,872,.514,128,294,.435,320,578,.554,.587,240,273,.879,82,392,474,163,39,37,158,182,1264,townska01
487,Gary Trent Jr.,SG,25,TOR,52,22,1379,225,536,.420,126,301,.419,99,235,.421,.537,35,50,.700,13,103,116,80,49,8,36,67,611,trentga02
488,Oscar Tshiebwe,PF,24,IND,7,0,37,9,17,.529,0,0,,9,17,.529,.529,5,6,.833,6,8,14,2,2,0,0,2,23,tshieos01
489,P.J. Tucker,PF,38,TOT,17,3,258,6,20,.300,5,16,.313,1,4,.250,.425,3,3,1.000,17,29,46,8,9,3,4,37,20,tuckepj01
489,P.J. Tucker,PF,38,PHI,3,3,66,2,5,.400,2,5,.400,0,0,,.600,0,0,,1,13,14,0,3,2,2,9,6,tuckepj01
489,P.J. Tucker,PF,38,LAC,14,0,192,4,15,.267,3,11,.273,1,4,.250,.367,3,3,1.000,16,16,32,8,6,1,2,28,14,tuckepj01
490,Myles Turner,C,27,IND,54,54,1483,340,644,.528,73,221,.330,267,423,.631,.585,187,236,.792,84,294,378,72,32,93,80,172,940,turnemy01
491,Hunter Tyson,PF,23,DEN,9,0,27,1,7,.143,0,6,.000,1,1,1.000,.143,0,0,,0,6,6,1,0,0,2,6,2,tysonhu01
492,Stanley Umude,SG,24,DET,17,0,190,25,52,.481,17,31,.548,8,21,.381,.644,22,24,.917,4,27,31,9,4,5,11,28,89,umudest01
493,Jonas Valančiūnas,C,31,NOP,58,58,1484,320,560,.571,32,93,.344,288,467,.617,.600,129,162,.796,155,403,558,132,25,59,80,169,801,valanjo01
494,Jarred Vanderbilt,PF,24,LAL,29,6,581,59,114,.518,8,27,.296,51,87,.586,.553,24,36,.667,41,97,138,36,36,5,28,43,150,vandeja01
495,Fred VanVleet,PG,29,HOU,50,50,1832,275,672,.409,147,391,.376,128,281,.456,.519,128,150,.853,20,167,187,399,57,46,85,112,825,vanvlfr01
496,Devin Vassell,SG,23,SAS,53,47,1684,373,798,.467,133,353,.377,240,445,.539,.551,133,166,.801,23,174,197,198,53,18,77,53,1012,vassede01
497,Sasha Vezenkov,PF,28,SAC,35,0,440,74,165,.448,38,100,.380,36,65,.554,.564,10,13,.769,30,56,86,15,16,7,11,35,196,vezenal01
498,Gabe Vincent,PG,27,LAL,5,0,127,12,32,.375,2,17,.118,10,15,.667,.406,1,2,.500,2,3,5,15,6,0,2,12,27,vincega01
499,Nikola Vučević,C,33,CHI,52,50,1791,392,827,.474,59,215,.274,333,612,.544,.510,74,86,.860,144,411,555,176,37,43,80,133,917,vucevni01
500,Dean Wade,PF,27,CLE,47,30,962,82,201,.408,69,175,.394,13,26,.500,.580,15,19,.789,33,160,193,37,37,18,19,85,248,wadede01
501,Franz Wagner,SF,22,ORL,50,50,1661,385,808,.476,80,254,.315,305,554,.551,.526,188,221,.851,53,228,281,203,53,17,102,117,1038,wagnefr01
502,Moritz Wagner,C,26,ORL,56,1,1029,238,404,.589,27,82,.329,211,322,.655,.623,125,156,.801,90,163,253,66,28,18,66,120,628,wagnemo01
503,Ish Wainright,SF,29,POR,7,0,46,6,18,.333,6,16,.375,0,2,.000,.500,2,2,1.000,0,9,9,0,2,1,1,4,20,wainris01
504,Jabari Walker,SF,21,POR,52,14,1140,156,337,.463,27,101,.267,129,236,.547,.503,86,114,.754,105,225,330,41,31,20,49,116,425,walkeja01
505,Jarace Walker,PF,20,IND,18,0,176,28,66,.424,12,32,.375,16,34,.471,.515,6,7,.857,8,21,29,20,9,6,10,17,74,walkeja02
506,Lonnie Walker IV,SG,25,BRK,36,0,649,148,319,.464,75,174,.431,73,145,.503,.582,35,46,.761,9,66,75,55,25,10,37,43,406,walkelo01
507,Cason Wallace,SG,20,OKC,57,9,1180,151,297,.508,69,164,.421,82,133,.617,.625,22,26,.846,36,92,128,77,41,25,26,94,393,wallaca01
508,Jordan Walsh,SF,19,BOS,4,0,33,1,5,.200,0,3,.000,1,2,.500,.200,0,0,,2,9,11,2,2,1,2,5,2,walshjo01
509,P.J. Washington,PF,25,TOT,49,21,1435,243,552,.440,83,265,.313,160,287,.557,.515,71,102,.696,57,203,260,105,42,34,76,125,640,washipj01
509,P.J. Washington,PF,25,CHO,44,17,1286,227,509,.446,79,244,.324,148,265,.558,.524,67,94,.713,53,179,232,97,38,32,66,112,600,washipj01
509,P.J. Washington,PF,25,DAL,5,4,149,16,43,.372,4,21,.190,12,22,.545,.419,4,8,.500,4,24,28,8,4,2,10,13,40,washipj01
510,TyTy Washington Jr.,PG,22,MIL,5,0,21,1,7,.143,1,3,.333,0,4,.000,.214,0,0,,0,1,1,1,2,0,2,0,3,washity02
511,Yuta Watanabe,SF,29,TOT,31,0,418,40,111,.360,25,83,.301,15,28,.536,.473,10,15,.667,11,37,48,12,11,7,17,35,115,watanyu01
511,Yuta Watanabe,SF,29,PHO,29,0,382,35,97,.361,24,75,.320,11,22,.500,.485,10,15,.667,11,34,45,10,9,7,16,34,104,watanyu01
511,Yuta Watanabe,SF,29,MEM,2,0,36,5,14,.357,1,8,.125,4,6,.667,.393,0,0,,0,3,3,2,2,0,1,1,11,watanyu01
512,Lindy Waters III,SG,26,OKC,24,0,170,23,52,.442,21,48,.438,2,4,.500,.644,0,0,,1,22,23,12,1,4,4,17,67,waterli01
513,Trendon Watford,PF,23,BRK,39,0,463,91,167,.545,13,34,.382,78,133,.586,.584,36,41,.878,32,70,102,55,15,9,26,62,231,watfotr01
514,Peyton Watson,SF,21,DEN,56,4,1021,146,308,.474,40,116,.345,106,192,.552,.539,54,79,.684,37,127,164,57,31,53,42,98,386,watsope01
515,Victor Wembanyama,C,20,SAS,52,52,1481,394,844,.467,82,258,.318,312,586,.532,.515,204,251,.813,113,412,525,171,67,171,178,110,1074,wembavi01
516,Blake Wesley,SG,20,SAS,37,1,488,60,119,.504,4,28,.143,56,91,.615,.521,25,42,.595,11,34,45,98,19,4,29,55,149,weslebl01
517,Russell Westbrook,PG,35,LAC,56,10,1285,252,557,.452,37,136,.272,215,421,.511,.486,86,129,.667,79,213,292,252,62,21,117,97,627,westbru01
518,Coby White,PG,23,CHI,57,57,2068,396,866,.457,163,413,.395,233,453,.514,.551,158,190,.832,30,239,269,296,41,13,125,134,1113,whiteco01
519,Derrick White,SG,29,BOS,53,53,1711,290,619,.468,144,358,.402,146,261,.559,.585,111,124,.895,34,171,205,252,55,62,85,112,835,whitede01
520,Cam Whitmore,SF,19,HOU,31,1,538,136,286,.476,53,138,.384,83,148,.561,.568,49,74,.662,20,92,112,14,19,9,29,42,374,whitmca01
521,Aaron Wiggins,SG,25,OKC,54,0,775,130,224,.580,44,85,.518,86,139,.619,.679,31,40,.775,38,88,126,49,28,7,33,64,335,wiggiaa01
522,Andrew Wiggins,SF,28,GSW,51,40,1388,249,547,.455,59,168,.351,190,379,.501,.509,93,128,.727,79,139,218,88,29,27,63,113,650,wiggian01
523,Lindell Wigginton,PG,25,MIL,3,0,8,2,5,.400,0,2,.000,2,3,.667,.400,2,2,1.000,0,0,0,0,0,0,1,1,6,wiggili01
524,Alondes Williams,SG,24,MIA,1,0,6,0,1,.000,0,1,.000,0,0,,.000,0,0,,0,1,1,0,0,0,1,0,0,willial06
525,Brandon Williams,PG,24,DAL,12,0,59,8,22,.364,2,6,.333,6,16,.375,.409,6,11,.545,3,4,7,12,1,1,3,2,24,willibr03
526,Grant Williams,PF,25,TOT,53,33,1410,161,381,.423,93,246,.378,68,135,.504,.545,57,74,.770,52,144,196,91,27,29,62,150,472,willigr01
526,Grant Williams,PF,25,DAL,47,33,1242,131,317,.413,79,210,.376,52,107,.486,.538,41,55,.745,46,123,169,81,24,27,53,137,382,willigr01
526,Grant Williams,PF,25,CHO,6,0,168,30,64,.469,14,36,.389,16,28,.571,.578,16,19,.842,6,21,27,10,3,2,9,13,90,willigr01
527,Jalen Williams,PF,22,OKC,51,51,1630,381,704,.541,77,171,.450,304,533,.570,.596,133,166,.801,26,179,205,237,50,26,87,137,972,willija06
528,Jaylin Williams,C,21,OKC,48,0,597,61,157,.389,36,101,.356,25,56,.446,.503,22,27,.815,26,130,156,65,19,17,19,67,180,willija07
529,Jeenathan Williams,SG,24,HOU,11,0,76,14,30,.467,1,3,.333,13,27,.481,.483,4,7,.571,8,2,10,6,2,0,2,9,33,willije02
530,Kenrich Williams,PF,29,OKC,46,1,676,83,178,.466,39,95,.411,44,83,.530,.576,3,10,.300,34,94,128,56,25,6,17,66,208,willike04
531,Mark Williams,C,22,CHO,19,19,508,98,151,.649,0,0,,98,151,.649,.649,46,64,.719,76,108,184,22,16,20,17,50,242,willima07
532,Patrick Williams,PF,22,CHI,43,30,1174,159,359,.443,59,148,.399,100,211,.474,.525,52,66,.788,46,120,166,66,40,33,57,87,429,willipa01
533,Robert Williams,C,26,POR,6,0,119,17,26,.654,0,0,,17,26,.654,.654,7,9,.778,11,27,38,5,7,7,7,17,41,williro04
534,Vince Williams Jr.,SG,23,MEM,45,26,1207,139,310,.448,67,183,.366,72,127,.567,.556,88,108,.815,54,200,254,136,40,26,66,114,433,willivi01
535,Ziaire Williams,SF,22,MEM,47,11,917,135,336,.402,54,170,.318,81,166,.488,.482,56,69,.812,32,127,159,71,33,9,59,80,380,willizi02
536,Zion Williamson,PF,23,NOP,47,47,1447,417,719,.580,4,11,.364,413,708,.583,.583,217,316,.687,83,179,262,240,44,24,118,108,1055,willizi01
537,Jalen Wilson,PF,23,BRK,18,1,238,31,62,.500,11,22,.500,20,40,.500,.589,17,19,.895,19,23,42,21,5,1,4,19,90,wilsoja03
538,Dylan Windler,SF,27,TOT,11,0,35,5,11,.455,5,10,.500,0,1,.000,.682,0,0,,0,4,4,7,0,0,0,3,15,windldy01
538,Dylan Windler,SF,27,NYK,3,0,7,1,2,.500,1,2,.500,0,0,,.750,0,0,,0,1,1,1,0,0,0,1,3,windldy01
538,Dylan Windler,SF,27,LAL,8,0,28,4,9,.444,4,8,.500,0,1,.000,.667,0,0,,0,3,3,6,0,0,0,2,12,windldy01
539,James Wiseman,C,22,DET,37,0,528,95,143,.664,0,2,.000,95,141,.674,.664,31,50,.620,55,94,149,26,5,24,31,76,221,wisemja01
540,Christian Wood,PF,28,LAL,50,1,872,123,264,.466,35,114,.307,88,150,.587,.532,66,94,.702,39,215,254,49,16,33,50,72,347,woodch01
541,Delon Wright,PG,31,WAS,33,0,456,48,122,.393,14,38,.368,34,84,.405,.451,24,29,.828,13,46,59,82,35,8,11,22,134,wrighde01
542,Thaddeus Young,PF,35,TOT,24,6,369,55,90,.611,1,6,.167,54,84,.643,.617,5,12,.417,35,48,83,50,19,3,12,42,116,youngth01
542,Thaddeus Young,PF,35,TOR,23,6,350,54,87,.621,1,6,.167,53,81,.654,.626,5,12,.417,29,46,75,50,18,3,11,38,114,youngth01
542,Thaddeus Young,PF,35,PHO,1,0,19,1,3,.333,0,0,,1,3,.333,.333,0,0,,6,2,8,0,1,0,1,4,2,youngth01
543,Trae Young,PG,25,ATL,51,51,1862,418,982,.426,169,456,.371,249,526,.473,.512,339,396,.856,22,118,140,553,70,11,220,106,1344,youngtr01
544,Omer Yurtseven,C,25,UTA,31,6,274,41,84,.488,4,16,.250,37,68,.544,.512,7,13,.538,37,73,110,13,4,11,24,36,93,yurtsom01
545,Cody Zeller,C,31,NOP,37,0,291,22,54,.407,1,3,.333,21,51,.412,.417,21,35,.600,39,58,97,35,8,4,13,39,66,zelleco01
546,Ivica Zubac,C,26,LAC,46,46,1229,235,359,.655,0,0,,235,359,.655,.655,80,120,.667,140,295,435,60,11,58,54,130,550,zubaciv01